[{
    "model": "[dataEntry.board]",
    "pk": 1,
    "fields": {
      "pn": "42865",
      "sn": "2485",
      "chips": "2404288822",
      "description": "Vestibulum sed magna at nunc commodo placerat. Praesent blandit. Nam nulla. Integer pede justo, lacinia eget, tincidunt eget, tempus vel, pede. Morbi porttitor lorem id ligula. Suspendisse ornare consequat lectus. In est risus, auctor sed, tristique in, tempus sit amet, sem. Fusce consequat. Nulla nisl.",
      "certification": 1,
      "assigned_to": "7617829876",
      "mfg_date": "2019-08-01",
      "vendor": 1,
      "mac_address": "2449144730",
      "service_log": "Suspendisse potenti. Cras in purus eu magna vulputate luctus. Cum sociis natoque penatibus et magnis dis parturient montes, nascetur ridiculus mus. Vivamus vestibulum sagittis sapien. Cum sociis natoque penatibus et magnis dis parturient montes, nascetur ridiculus mus. Etiam vel augue."
    }
  }, {
    "model": "[dataEntry.board]",
    "pk": 2,
    "fields": {
      "pn": "03048",
      "sn": "35013",
      "chips": "9202295468",
      "description": "Nam ultrices, libero non mattis pulvinar, nulla pede ullamcorper augue, a suscipit nulla elit ac nulla. Sed vel enim sit amet nunc viverra dapibus.",
      "certification": 2,
      "assigned_to": "9828216329",
      "mfg_date": "2019-06-30",
      "vendor": 2,
      "mac_address": "3089941074",
      "service_log": "Nunc purus. Phasellus in felis. Donec semper sapien a libero."
    }
  }, {
    "model": "[dataEntry.board]",
    "pk": 3,
    "fields": {
      "pn": "71",
      "sn": "0721",
      "chips": "8825398328",
      "description": "Vestibulum ac est lacinia nisi venenatis tristique. Fusce congue, diam id ornare imperdiet, sapien urna pretium nisl, ut volutpat sapien arcu sed augue.",
      "certification": 3,
      "assigned_to": "5085283899",
      "mfg_date": "2020-02-25",
      "vendor": 3,
      "mac_address": "4179568934",
      "service_log": "Aliquam sit amet diam in magna bibendum imperdiet. Nullam orci pede, venenatis non, sodales sed, tincidunt eu, felis. Fusce posuere felis sed lacus. Morbi sem mauris, laoreet ut, rhoncus aliquet, pulvinar sed, nisl."
    }
  }, {
    "model": "[dataEntry.board]",
    "pk": 4,
    "fields": {
      "pn": "39",
      "sn": "53249",
      "chips": "9248659799",
      "description": "Morbi sem mauris, laoreet ut, rhoncus aliquet, pulvinar sed, nisl. Nunc rhoncus dui vel sem. Sed sagittis. Nam congue, risus semper porta volutpat, quam pede lobortis ligula, sit amet eleifend pede libero quis orci. Nullam molestie nibh in lectus.",
      "certification": 4,
      "assigned_to": "2473051739",
      "mfg_date": "2019-05-29",
      "vendor": 4,
      "mac_address": "1147340234",
      "service_log": "Morbi vel lectus in quam fringilla rhoncus. Mauris enim leo, rhoncus sed, vestibulum sit amet, cursus id, turpis. Integer aliquet, massa id lobortis convallis, tortor risus dapibus augue, vel accumsan tellus nisi eu orci. Mauris lacinia sapien quis libero. Nullam sit amet turpis elementum ligula vehicula consequat. Morbi a ipsum. Integer a nibh. In quis justo. Maecenas rhoncus aliquam lacus. Morbi quis tortor id nulla ultrices aliquet."
    }
  }, {
    "model": "[dataEntry.board]",
    "pk": 5,
    "fields": {
      "pn": "10",
      "sn": "88",
      "chips": "2381195807",
      "description": "In blandit ultrices enim. Lorem ipsum dolor sit amet, consectetuer adipiscing elit. Proin interdum mauris non ligula pellentesque ultrices. Phasellus id sapien in sapien iaculis congue. Vivamus metus arcu, adipiscing molestie, hendrerit at, vulputate vitae, nisl.",
      "certification": 5,
      "assigned_to": "1661455670",
      "mfg_date": "2019-07-05",
      "vendor": 5,
      "mac_address": "8100779368",
      "service_log": "In blandit ultrices enim. Lorem ipsum dolor sit amet, consectetuer adipiscing elit. Proin interdum mauris non ligula pellentesque ultrices. Phasellus id sapien in sapien iaculis congue. Vivamus metus arcu, adipiscing molestie, hendrerit at, vulputate vitae, nisl. Aenean lectus. Pellentesque eget nunc."
    }
  }, {
    "model": "[dataEntry.board]",
    "pk": 6,
    "fields": {
      "pn": "3379",
      "sn": "297",
      "chips": "6167692378",
      "description": "Cras non velit nec nisi vulputate nonummy. Maecenas tincidunt lacus at velit. Vivamus vel nulla eget eros elementum pellentesque. Quisque porta volutpat erat. Quisque erat eros, viverra eget, congue eget, semper rutrum, nulla. Nunc purus. Phasellus in felis.",
      "certification": 6,
      "assigned_to": "6315794408",
      "mfg_date": "2019-07-20",
      "vendor": 6,
      "mac_address": "0997152672",
      "service_log": "Nulla facilisi. Cras non velit nec nisi vulputate nonummy. Maecenas tincidunt lacus at velit. Vivamus vel nulla eget eros elementum pellentesque. Quisque porta volutpat erat. Quisque erat eros, viverra eget, congue eget, semper rutrum, nulla."
    }
  }, {
    "model": "[dataEntry.board]",
    "pk": 7,
    "fields": {
      "pn": "5",
      "sn": "34",
      "chips": "4944926006",
      "description": "Nunc nisl. Duis bibendum, felis sed interdum venenatis, turpis enim blandit mi, in porttitor pede justo eu massa. Donec dapibus.",
      "certification": 7,
      "assigned_to": "0022516220",
      "mfg_date": "2019-08-10",
      "vendor": 7,
      "mac_address": "4485768473",
      "service_log": "Cras mi pede, malesuada in, imperdiet et, commodo vulputate, justo. In blandit ultrices enim. Lorem ipsum dolor sit amet, consectetuer adipiscing elit. Proin interdum mauris non ligula pellentesque ultrices. Phasellus id sapien in sapien iaculis congue. Vivamus metus arcu, adipiscing molestie, hendrerit at, vulputate vitae, nisl."
    }
  }, {
    "model": "[dataEntry.board]",
    "pk": 8,
    "fields": {
      "pn": "9",
      "sn": "4",
      "chips": "8304309351",
      "description": "Curabitur in libero ut massa volutpat convallis. Morbi odio odio, elementum eu, interdum eu, tincidunt in, leo. Maecenas pulvinar lobortis est. Phasellus sit amet erat. Nulla tempus. Vivamus in felis eu sapien cursus vestibulum. Proin eu mi.",
      "certification": 8,
      "assigned_to": "8657037513",
      "mfg_date": "2019-07-26",
      "vendor": 8,
      "mac_address": "8434256274",
      "service_log": "Nullam porttitor lacus at turpis. Donec posuere metus vitae ipsum. Aliquam non mauris. Morbi non lectus."
    }
  }, {
    "model": "[dataEntry.board]",
    "pk": 9,
    "fields": {
      "pn": "3",
      "sn": "098",
      "chips": "2986077986",
      "description": "Donec dapibus. Duis at velit eu est congue elementum. In hac habitasse platea dictumst. Morbi vestibulum, velit id pretium iaculis, diam erat fermentum justo, nec condimentum neque sapien placerat ante. Nulla justo. Aliquam quis turpis eget elit sodales scelerisque.",
      "certification": 9,
      "assigned_to": "3749345325",
      "mfg_date": "2019-08-29",
      "vendor": 9,
      "mac_address": "4943306071",
      "service_log": "Nulla tellus. In sagittis dui vel nisl. Duis ac nibh. Fusce lacus purus, aliquet at, feugiat non, pretium quis, lectus. Suspendisse potenti."
    }
  }, {
    "model": "[dataEntry.board]",
    "pk": 10,
    "fields": {
      "pn": "683",
      "sn": "85",
      "chips": "9318135890",
      "description": "Vestibulum rutrum rutrum neque. Aenean auctor gravida sem. Praesent id massa id nisl venenatis lacinia.",
      "certification": 10,
      "assigned_to": "3346980901",
      "mfg_date": "2019-06-09",
      "vendor": 10,
      "mac_address": "7769444241",
      "service_log": "Aliquam erat volutpat. In congue. Etiam justo. Etiam pretium iaculis justo. In hac habitasse platea dictumst. Etiam faucibus cursus urna. Ut tellus."
    }
  }, {
    "model": "[dataEntry.board]",
    "pk": 11,
    "fields": {
      "pn": "04",
      "sn": "1506",
      "chips": "3578576018",
      "description": "Vivamus metus arcu, adipiscing molestie, hendrerit at, vulputate vitae, nisl. Aenean lectus. Pellentesque eget nunc. Donec quis orci eget orci vehicula condimentum. Curabitur in libero ut massa volutpat convallis. Morbi odio odio, elementum eu, interdum eu, tincidunt in, leo. Maecenas pulvinar lobortis est. Phasellus sit amet erat. Nulla tempus. Vivamus in felis eu sapien cursus vestibulum.",
      "certification": 11,
      "assigned_to": "1915295335",
      "mfg_date": "2019-09-20",
      "vendor": 11,
      "mac_address": "6618555876",
      "service_log": "Nullam varius. Nulla facilisi. Cras non velit nec nisi vulputate nonummy. Maecenas tincidunt lacus at velit. Vivamus vel nulla eget eros elementum pellentesque. Quisque porta volutpat erat."
    }
  }, {
    "model": "[dataEntry.board]",
    "pk": 12,
    "fields": {
      "pn": "145",
      "sn": "68320",
      "chips": "0589155865",
      "description": "Praesent id massa id nisl venenatis lacinia. Aenean sit amet justo. Morbi ut odio.",
      "certification": 12,
      "assigned_to": "0182267709",
      "mfg_date": "2019-08-17",
      "vendor": 12,
      "mac_address": "9315016424",
      "service_log": "Integer pede justo, lacinia eget, tincidunt eget, tempus vel, pede. Morbi porttitor lorem id ligula."
    }
  }, {
    "model": "[dataEntry.board]",
    "pk": 13,
    "fields": {
      "pn": "09",
      "sn": "7",
      "chips": "1353137724",
      "description": "Vestibulum ac est lacinia nisi venenatis tristique. Fusce congue, diam id ornare imperdiet, sapien urna pretium nisl, ut volutpat sapien arcu sed augue.",
      "certification": 13,
      "assigned_to": "9709692585",
      "mfg_date": "2019-11-01",
      "vendor": 13,
      "mac_address": "1349984825",
      "service_log": "Vivamus tortor. Duis mattis egestas metus. Aenean fermentum. Donec ut mauris eget massa tempor convallis. Nulla neque libero, convallis eget, eleifend luctus, ultricies eu, nibh. Quisque id justo sit amet sapien dignissim vestibulum. Vestibulum ante ipsum primis in faucibus orci luctus et ultrices posuere cubilia Curae; Nulla dapibus dolor vel est."
    }
  }, {
    "model": "[dataEntry.board]",
    "pk": 14,
    "fields": {
      "pn": "8",
      "sn": "2",
      "chips": "7946164696",
      "description": "Integer a nibh. In quis justo. Maecenas rhoncus aliquam lacus. Morbi quis tortor id nulla ultrices aliquet. Maecenas leo odio, condimentum id, luctus nec, molestie sed, justo. Pellentesque viverra pede ac diam. Cras pellentesque volutpat dui. Maecenas tristique, est et tempus semper, est quam pharetra magna, ac consequat metus sapien ut nunc. Vestibulum ante ipsum primis in faucibus orci luctus et ultrices posuere cubilia Curae; Mauris viverra diam vitae quam. Suspendisse potenti.",
      "certification": 14,
      "assigned_to": "5501923742",
      "mfg_date": "2019-07-28",
      "vendor": 14,
      "mac_address": "0723430721",
      "service_log": "Praesent id massa id nisl venenatis lacinia. Aenean sit amet justo. Morbi ut odio. Cras mi pede, malesuada in, imperdiet et, commodo vulputate, justo. In blandit ultrices enim. Lorem ipsum dolor sit amet, consectetuer adipiscing elit."
    }
  }, {
    "model": "[dataEntry.board]",
    "pk": 15,
    "fields": {
      "pn": "669",
      "sn": "552",
      "chips": "0391878662",
      "description": "Donec ut dolor.",
      "certification": 15,
      "assigned_to": "5443925210",
      "mfg_date": "2019-07-06",
      "vendor": 15,
      "mac_address": "5683103703",
      "service_log": "Morbi vel lectus in quam fringilla rhoncus. Mauris enim leo, rhoncus sed, vestibulum sit amet, cursus id, turpis. Integer aliquet, massa id lobortis convallis, tortor risus dapibus augue, vel accumsan tellus nisi eu orci. Mauris lacinia sapien quis libero. Nullam sit amet turpis elementum ligula vehicula consequat. Morbi a ipsum."
    }
  }, {
    "model": "[dataEntry.board]",
    "pk": 16,
    "fields": {
      "pn": "12628",
      "sn": "5946",
      "chips": "0230317030",
      "description": "Donec quis orci eget orci vehicula condimentum. Curabitur in libero ut massa volutpat convallis. Morbi odio odio, elementum eu, interdum eu, tincidunt in, leo.",
      "certification": 16,
      "assigned_to": "5787868129",
      "mfg_date": "2020-02-13",
      "vendor": 16,
      "mac_address": "6198514056",
      "service_log": "Maecenas ut massa quis augue luctus tincidunt. Nulla mollis molestie lorem. Quisque ut erat. Curabitur gravida nisi at nibh. In hac habitasse platea dictumst. Aliquam augue quam, sollicitudin vitae, consectetuer eget, rutrum at, lorem."
    }
  }, {
    "model": "[dataEntry.board]",
    "pk": 17,
    "fields": {
      "pn": "3792",
      "sn": "47",
      "chips": "8176914266",
      "description": "Praesent blandit.",
      "certification": 17,
      "assigned_to": "0731456785",
      "mfg_date": "2019-08-24",
      "vendor": 17,
      "mac_address": "1981903712",
      "service_log": "Maecenas rhoncus aliquam lacus. Morbi quis tortor id nulla ultrices aliquet. Maecenas leo odio, condimentum id, luctus nec, molestie sed, justo. Pellentesque viverra pede ac diam. Cras pellentesque volutpat dui. Maecenas tristique, est et tempus semper, est quam pharetra magna, ac consequat metus sapien ut nunc."
    }
  }, {
    "model": "[dataEntry.board]",
    "pk": 18,
    "fields": {
      "pn": "925",
      "sn": "02013",
      "chips": "4257470208",
      "description": "Quisque id justo sit amet sapien dignissim vestibulum. Vestibulum ante ipsum primis in faucibus orci luctus et ultrices posuere cubilia Curae; Nulla dapibus dolor vel est. Donec odio justo, sollicitudin ut, suscipit a, feugiat et, eros. Vestibulum ac est lacinia nisi venenatis tristique. Fusce congue, diam id ornare imperdiet, sapien urna pretium nisl, ut volutpat sapien arcu sed augue. Aliquam erat volutpat.",
      "certification": 18,
      "assigned_to": "7625098524",
      "mfg_date": "2019-08-20",
      "vendor": 18,
      "mac_address": "4119013197",
      "service_log": "Pellentesque eget nunc. Donec quis orci eget orci vehicula condimentum."
    }
  }, {
    "model": "[dataEntry.board]",
    "pk": 19,
    "fields": {
      "pn": "69",
      "sn": "7",
      "chips": "5861791295",
      "description": "Morbi porttitor lorem id ligula. Suspendisse ornare consequat lectus. In est risus, auctor sed, tristique in, tempus sit amet, sem. Fusce consequat. Nulla nisl. Nunc nisl. Duis bibendum, felis sed interdum venenatis, turpis enim blandit mi, in porttitor pede justo eu massa. Donec dapibus. Duis at velit eu est congue elementum. In hac habitasse platea dictumst.",
      "certification": 19,
      "assigned_to": "5074742579",
      "mfg_date": "2020-03-29",
      "vendor": 19,
      "mac_address": "7914474312",
      "service_log": "Morbi non quam nec dui luctus rutrum. Nulla tellus. In sagittis dui vel nisl. Duis ac nibh."
    }
  }, {
    "model": "[dataEntry.board]",
    "pk": 20,
    "fields": {
      "pn": "621",
      "sn": "8051",
      "chips": "0221459413",
      "description": "In sagittis dui vel nisl. Duis ac nibh. Fusce lacus purus, aliquet at, feugiat non, pretium quis, lectus. Suspendisse potenti. In eleifend quam a odio.",
      "certification": 20,
      "assigned_to": "5727678560",
      "mfg_date": "2019-07-15",
      "vendor": 20,
      "mac_address": "3200170107",
      "service_log": "Donec ut mauris eget massa tempor convallis. Nulla neque libero, convallis eget, eleifend luctus, ultricies eu, nibh. Quisque id justo sit amet sapien dignissim vestibulum. Vestibulum ante ipsum primis in faucibus orci luctus et ultrices posuere cubilia Curae; Nulla dapibus dolor vel est. Donec odio justo, sollicitudin ut, suscipit a, feugiat et, eros. Vestibulum ac est lacinia nisi venenatis tristique. Fusce congue, diam id ornare imperdiet, sapien urna pretium nisl, ut volutpat sapien arcu sed augue. Aliquam erat volutpat. In congue."
    }
  }, {
    "model": "[dataEntry.board]",
    "pk": 21,
    "fields": {
      "pn": "970",
      "sn": "380",
      "chips": "8192862577",
      "description": "Vivamus metus arcu, adipiscing molestie, hendrerit at, vulputate vitae, nisl. Aenean lectus. Pellentesque eget nunc. Donec quis orci eget orci vehicula condimentum. Curabitur in libero ut massa volutpat convallis. Morbi odio odio, elementum eu, interdum eu, tincidunt in, leo. Maecenas pulvinar lobortis est. Phasellus sit amet erat.",
      "certification": 21,
      "assigned_to": "8131172295",
      "mfg_date": "2019-09-23",
      "vendor": 21,
      "mac_address": "4656027529",
      "service_log": "Morbi non lectus. Aliquam sit amet diam in magna bibendum imperdiet. Nullam orci pede, venenatis non, sodales sed, tincidunt eu, felis. Fusce posuere felis sed lacus. Morbi sem mauris, laoreet ut, rhoncus aliquet, pulvinar sed, nisl. Nunc rhoncus dui vel sem. Sed sagittis."
    }
  }, {
    "model": "[dataEntry.board]",
    "pk": 22,
    "fields": {
      "pn": "9445",
      "sn": "677",
      "chips": "7280347908",
      "description": "Suspendisse accumsan tortor quis turpis. Sed ante.",
      "certification": 22,
      "assigned_to": "9383530979",
      "mfg_date": "2019-05-17",
      "vendor": 22,
      "mac_address": "2746965224",
      "service_log": "Integer ac leo. Pellentesque ultrices mattis odio. Donec vitae nisi. Nam ultrices, libero non mattis pulvinar, nulla pede ullamcorper augue, a suscipit nulla elit ac nulla. Sed vel enim sit amet nunc viverra dapibus. Nulla suscipit ligula in lacus."
    }
  }, {
    "model": "[dataEntry.board]",
    "pk": 23,
    "fields": {
      "pn": "1",
      "sn": "43618",
      "chips": "1584376074",
      "description": "Duis aliquam convallis nunc. Proin at turpis a pede posuere nonummy. Integer non velit. Donec diam neque, vestibulum eget, vulputate ut, ultrices vel, augue. Vestibulum ante ipsum primis in faucibus orci luctus et ultrices posuere cubilia Curae; Donec pharetra, magna vestibulum aliquet ultrices, erat tortor sollicitudin mi, sit amet lobortis sapien sapien non mi. Integer ac neque.",
      "certification": 23,
      "assigned_to": "0376433434",
      "mfg_date": "2020-03-06",
      "vendor": 23,
      "mac_address": "3740374209",
      "service_log": "Nulla neque libero, convallis eget, eleifend luctus, ultricies eu, nibh. Quisque id justo sit amet sapien dignissim vestibulum."
    }
  }, {
    "model": "[dataEntry.board]",
    "pk": 24,
    "fields": {
      "pn": "1136",
      "sn": "24",
      "chips": "3936022623",
      "description": "Vestibulum rutrum rutrum neque. Aenean auctor gravida sem. Praesent id massa id nisl venenatis lacinia. Aenean sit amet justo. Morbi ut odio. Cras mi pede, malesuada in, imperdiet et, commodo vulputate, justo. In blandit ultrices enim. Lorem ipsum dolor sit amet, consectetuer adipiscing elit. Proin interdum mauris non ligula pellentesque ultrices. Phasellus id sapien in sapien iaculis congue.",
      "certification": 24,
      "assigned_to": "1429167734",
      "mfg_date": "2020-01-02",
      "vendor": 24,
      "mac_address": "1465305580",
      "service_log": "Proin risus. Praesent lectus. Vestibulum quam sapien, varius ut, blandit non, interdum in, ante. Vestibulum ante ipsum primis in faucibus orci luctus et ultrices posuere cubilia Curae; Duis faucibus accumsan odio."
    }
  }, {
    "model": "[dataEntry.board]",
    "pk": 25,
    "fields": {
      "pn": "634",
      "sn": "05540",
      "chips": "3072523029",
      "description": "Cras non velit nec nisi vulputate nonummy. Maecenas tincidunt lacus at velit. Vivamus vel nulla eget eros elementum pellentesque. Quisque porta volutpat erat. Quisque erat eros, viverra eget, congue eget, semper rutrum, nulla. Nunc purus. Phasellus in felis. Donec semper sapien a libero. Nam dui.",
      "certification": 25,
      "assigned_to": "7580568659",
      "mfg_date": "2019-10-03",
      "vendor": 25,
      "mac_address": "4981632479",
      "service_log": "Morbi sem mauris, laoreet ut, rhoncus aliquet, pulvinar sed, nisl. Nunc rhoncus dui vel sem. Sed sagittis. Nam congue, risus semper porta volutpat, quam pede lobortis ligula, sit amet eleifend pede libero quis orci. Nullam molestie nibh in lectus. Pellentesque at nulla. Suspendisse potenti."
    }
  }, {
    "model": "[dataEntry.board]",
    "pk": 26,
    "fields": {
      "pn": "01",
      "sn": "11865",
      "chips": "4310451004",
      "description": "Nunc rhoncus dui vel sem. Sed sagittis. Nam congue, risus semper porta volutpat, quam pede lobortis ligula, sit amet eleifend pede libero quis orci. Nullam molestie nibh in lectus. Pellentesque at nulla.",
      "certification": 26,
      "assigned_to": "2747785823",
      "mfg_date": "2020-02-13",
      "vendor": 26,
      "mac_address": "8591965493",
      "service_log": "Proin leo odio, porttitor id, consequat in, consequat ut, nulla. Sed accumsan felis. Ut at dolor quis odio consequat varius. Integer ac leo. Pellentesque ultrices mattis odio. Donec vitae nisi. Nam ultrices, libero non mattis pulvinar, nulla pede ullamcorper augue, a suscipit nulla elit ac nulla. Sed vel enim sit amet nunc viverra dapibus. Nulla suscipit ligula in lacus. Curabitur at ipsum ac tellus semper interdum."
    }
  }, {
    "model": "[dataEntry.board]",
    "pk": 27,
    "fields": {
      "pn": "9403",
      "sn": "112",
      "chips": "6849798340",
      "description": "Nunc purus.",
      "certification": 27,
      "assigned_to": "8212333329",
      "mfg_date": "2019-06-08",
      "vendor": 27,
      "mac_address": "5586045621",
      "service_log": "Donec ut dolor. Morbi vel lectus in quam fringilla rhoncus."
    }
  }, {
    "model": "[dataEntry.board]",
    "pk": 28,
    "fields": {
      "pn": "69302",
      "sn": "49",
      "chips": "2574887417",
      "description": "Nulla ut erat id mauris vulputate elementum. Nullam varius. Nulla facilisi.",
      "certification": 28,
      "assigned_to": "6580269901",
      "mfg_date": "2020-01-01",
      "vendor": 28,
      "mac_address": "6211716370",
      "service_log": "Donec semper sapien a libero. Nam dui. Proin leo odio, porttitor id, consequat in, consequat ut, nulla. Sed accumsan felis. Ut at dolor quis odio consequat varius. Integer ac leo. Pellentesque ultrices mattis odio."
    }
  }, {
    "model": "[dataEntry.board]",
    "pk": 29,
    "fields": {
      "pn": "16",
      "sn": "3",
      "chips": "3751607676",
      "description": "Ut tellus. Nulla ut erat id mauris vulputate elementum.",
      "certification": 29,
      "assigned_to": "3275215078",
      "mfg_date": "2019-09-03",
      "vendor": 29,
      "mac_address": "3125934001",
      "service_log": "Maecenas pulvinar lobortis est. Phasellus sit amet erat. Nulla tempus. Vivamus in felis eu sapien cursus vestibulum. Proin eu mi. Nulla ac enim. In tempor, turpis nec euismod scelerisque, quam turpis adipiscing lorem, vitae mattis nibh ligula nec sem. Duis aliquam convallis nunc. Proin at turpis a pede posuere nonummy."
    }
  }, {
    "model": "[dataEntry.board]",
    "pk": 30,
    "fields": {
      "pn": "5",
      "sn": "13",
      "chips": "3228661717",
      "description": "Integer pede justo, lacinia eget, tincidunt eget, tempus vel, pede. Morbi porttitor lorem id ligula. Suspendisse ornare consequat lectus. In est risus, auctor sed, tristique in, tempus sit amet, sem. Fusce consequat. Nulla nisl. Nunc nisl. Duis bibendum, felis sed interdum venenatis, turpis enim blandit mi, in porttitor pede justo eu massa. Donec dapibus. Duis at velit eu est congue elementum.",
      "certification": 30,
      "assigned_to": "8125311696",
      "mfg_date": "2019-06-27",
      "vendor": 30,
      "mac_address": "9610667163",
      "service_log": "Donec semper sapien a libero. Nam dui. Proin leo odio, porttitor id, consequat in, consequat ut, nulla. Sed accumsan felis. Ut at dolor quis odio consequat varius. Integer ac leo. Pellentesque ultrices mattis odio."
    }
  }, {
    "model": "[dataEntry.board]",
    "pk": 31,
    "fields": {
      "pn": "62",
      "sn": "9184",
      "chips": "1436149959",
      "description": "Cras mi pede, malesuada in, imperdiet et, commodo vulputate, justo. In blandit ultrices enim. Lorem ipsum dolor sit amet, consectetuer adipiscing elit. Proin interdum mauris non ligula pellentesque ultrices. Phasellus id sapien in sapien iaculis congue.",
      "certification": 31,
      "assigned_to": "7791817756",
      "mfg_date": "2019-06-17",
      "vendor": 31,
      "mac_address": "5204737405",
      "service_log": "Phasellus id sapien in sapien iaculis congue. Vivamus metus arcu, adipiscing molestie, hendrerit at, vulputate vitae, nisl. Aenean lectus. Pellentesque eget nunc. Donec quis orci eget orci vehicula condimentum. Curabitur in libero ut massa volutpat convallis. Morbi odio odio, elementum eu, interdum eu, tincidunt in, leo."
    }
  }, {
    "model": "[dataEntry.board]",
    "pk": 32,
    "fields": {
      "pn": "3",
      "sn": "79438",
      "chips": "3322542181",
      "description": "Praesent blandit.",
      "certification": 32,
      "assigned_to": "4174887497",
      "mfg_date": "2019-12-03",
      "vendor": 32,
      "mac_address": "5195965684",
      "service_log": "Aliquam erat volutpat. In congue. Etiam justo. Etiam pretium iaculis justo. In hac habitasse platea dictumst."
    }
  }, {
    "model": "[dataEntry.board]",
    "pk": 33,
    "fields": {
      "pn": "889",
      "sn": "28",
      "chips": "6120654879",
      "description": "Duis bibendum. Morbi non quam nec dui luctus rutrum. Nulla tellus. In sagittis dui vel nisl. Duis ac nibh. Fusce lacus purus, aliquet at, feugiat non, pretium quis, lectus. Suspendisse potenti. In eleifend quam a odio. In hac habitasse platea dictumst. Maecenas ut massa quis augue luctus tincidunt.",
      "certification": 33,
      "assigned_to": "8075657349",
      "mfg_date": "2019-07-23",
      "vendor": 33,
      "mac_address": "1258512971",
      "service_log": "Morbi sem mauris, laoreet ut, rhoncus aliquet, pulvinar sed, nisl. Nunc rhoncus dui vel sem. Sed sagittis. Nam congue, risus semper porta volutpat, quam pede lobortis ligula, sit amet eleifend pede libero quis orci. Nullam molestie nibh in lectus. Pellentesque at nulla. Suspendisse potenti. Cras in purus eu magna vulputate luctus. Cum sociis natoque penatibus et magnis dis parturient montes, nascetur ridiculus mus."
    }
  }, {
    "model": "[dataEntry.board]",
    "pk": 34,
    "fields": {
      "pn": "3004",
      "sn": "14983",
      "chips": "4853689168",
      "description": "Suspendisse potenti.",
      "certification": 34,
      "assigned_to": "3883219304",
      "mfg_date": "2019-12-16",
      "vendor": 34,
      "mac_address": "1304667030",
      "service_log": "Donec ut dolor. Morbi vel lectus in quam fringilla rhoncus. Mauris enim leo, rhoncus sed, vestibulum sit amet, cursus id, turpis. Integer aliquet, massa id lobortis convallis, tortor risus dapibus augue, vel accumsan tellus nisi eu orci."
    }
  }, {
    "model": "[dataEntry.board]",
    "pk": 35,
    "fields": {
      "pn": "36509",
      "sn": "72189",
      "chips": "9094468131",
      "description": "In est risus, auctor sed, tristique in, tempus sit amet, sem. Fusce consequat. Nulla nisl. Nunc nisl. Duis bibendum, felis sed interdum venenatis, turpis enim blandit mi, in porttitor pede justo eu massa. Donec dapibus. Duis at velit eu est congue elementum. In hac habitasse platea dictumst. Morbi vestibulum, velit id pretium iaculis, diam erat fermentum justo, nec condimentum neque sapien placerat ante.",
      "certification": 35,
      "assigned_to": "6859438436",
      "mfg_date": "2020-03-20",
      "vendor": 35,
      "mac_address": "9270806596",
      "service_log": "Maecenas rhoncus aliquam lacus. Morbi quis tortor id nulla ultrices aliquet. Maecenas leo odio, condimentum id, luctus nec, molestie sed, justo. Pellentesque viverra pede ac diam. Cras pellentesque volutpat dui. Maecenas tristique, est et tempus semper, est quam pharetra magna, ac consequat metus sapien ut nunc. Vestibulum ante ipsum primis in faucibus orci luctus et ultrices posuere cubilia Curae; Mauris viverra diam vitae quam. Suspendisse potenti. Nullam porttitor lacus at turpis."
    }
  }, {
    "model": "[dataEntry.board]",
    "pk": 36,
    "fields": {
      "pn": "2",
      "sn": "33",
      "chips": "4204711944",
      "description": "Morbi vestibulum, velit id pretium iaculis, diam erat fermentum justo, nec condimentum neque sapien placerat ante. Nulla justo. Aliquam quis turpis eget elit sodales scelerisque. Mauris sit amet eros. Suspendisse accumsan tortor quis turpis. Sed ante. Vivamus tortor. Duis mattis egestas metus. Aenean fermentum. Donec ut mauris eget massa tempor convallis.",
      "certification": 36,
      "assigned_to": "1502480670",
      "mfg_date": "2019-10-12",
      "vendor": 36,
      "mac_address": "3858690902",
      "service_log": "Nullam varius. Nulla facilisi. Cras non velit nec nisi vulputate nonummy. Maecenas tincidunt lacus at velit. Vivamus vel nulla eget eros elementum pellentesque. Quisque porta volutpat erat. Quisque erat eros, viverra eget, congue eget, semper rutrum, nulla. Nunc purus."
    }
  }, {
    "model": "[dataEntry.board]",
    "pk": 37,
    "fields": {
      "pn": "8482",
      "sn": "4413",
      "chips": "3569511766",
      "description": "Nam ultrices, libero non mattis pulvinar, nulla pede ullamcorper augue, a suscipit nulla elit ac nulla. Sed vel enim sit amet nunc viverra dapibus. Nulla suscipit ligula in lacus. Curabitur at ipsum ac tellus semper interdum. Mauris ullamcorper purus sit amet nulla. Quisque arcu libero, rutrum ac, lobortis vel, dapibus at, diam. Nam tristique tortor eu pede.",
      "certification": 37,
      "assigned_to": "8080685924",
      "mfg_date": "2020-03-11",
      "vendor": 37,
      "mac_address": "8918996225",
      "service_log": "Mauris lacinia sapien quis libero. Nullam sit amet turpis elementum ligula vehicula consequat. Morbi a ipsum. Integer a nibh. In quis justo. Maecenas rhoncus aliquam lacus."
    }
  }, {
    "model": "[dataEntry.board]",
    "pk": 38,
    "fields": {
      "pn": "53",
      "sn": "11",
      "chips": "2908543877",
      "description": "Duis consequat dui nec nisi volutpat eleifend. Donec ut dolor. Morbi vel lectus in quam fringilla rhoncus. Mauris enim leo, rhoncus sed, vestibulum sit amet, cursus id, turpis.",
      "certification": 38,
      "assigned_to": "5778168934",
      "mfg_date": "2019-10-17",
      "vendor": 38,
      "mac_address": "6310971735",
      "service_log": "Curabitur gravida nisi at nibh. In hac habitasse platea dictumst."
    }
  }, {
    "model": "[dataEntry.board]",
    "pk": 39,
    "fields": {
      "pn": "9915",
      "sn": "825",
      "chips": "6008148363",
      "description": "Curabitur convallis. Duis consequat dui nec nisi volutpat eleifend. Donec ut dolor. Morbi vel lectus in quam fringilla rhoncus. Mauris enim leo, rhoncus sed, vestibulum sit amet, cursus id, turpis.",
      "certification": 39,
      "assigned_to": "2182614699",
      "mfg_date": "2019-10-04",
      "vendor": 39,
      "mac_address": "3368837907",
      "service_log": "Maecenas pulvinar lobortis est. Phasellus sit amet erat."
    }
  }, {
    "model": "[dataEntry.board]",
    "pk": 40,
    "fields": {
      "pn": "91",
      "sn": "9",
      "chips": "4796740791",
      "description": "Duis bibendum, felis sed interdum venenatis, turpis enim blandit mi, in porttitor pede justo eu massa. Donec dapibus. Duis at velit eu est congue elementum. In hac habitasse platea dictumst. Morbi vestibulum, velit id pretium iaculis, diam erat fermentum justo, nec condimentum neque sapien placerat ante. Nulla justo. Aliquam quis turpis eget elit sodales scelerisque. Mauris sit amet eros. Suspendisse accumsan tortor quis turpis. Sed ante.",
      "certification": 40,
      "assigned_to": "9894291643",
      "mfg_date": "2020-01-28",
      "vendor": 40,
      "mac_address": "7188554498",
      "service_log": "Etiam vel augue. Vestibulum rutrum rutrum neque. Aenean auctor gravida sem. Praesent id massa id nisl venenatis lacinia."
    }
  }, {
    "model": "[dataEntry.board]",
    "pk": 41,
    "fields": {
      "pn": "08946",
      "sn": "4",
      "chips": "2200526504",
      "description": "Donec semper sapien a libero. Nam dui. Proin leo odio, porttitor id, consequat in, consequat ut, nulla. Sed accumsan felis. Ut at dolor quis odio consequat varius. Integer ac leo. Pellentesque ultrices mattis odio. Donec vitae nisi.",
      "certification": 41,
      "assigned_to": "8160897553",
      "mfg_date": "2020-02-04",
      "vendor": 41,
      "mac_address": "4613293758",
      "service_log": "Etiam pretium iaculis justo. In hac habitasse platea dictumst. Etiam faucibus cursus urna. Ut tellus. Nulla ut erat id mauris vulputate elementum."
    }
  }, {
    "model": "[dataEntry.board]",
    "pk": 42,
    "fields": {
      "pn": "09679",
      "sn": "5",
      "chips": "3759146546",
      "description": "Cum sociis natoque penatibus et magnis dis parturient montes, nascetur ridiculus mus. Etiam vel augue. Vestibulum rutrum rutrum neque. Aenean auctor gravida sem. Praesent id massa id nisl venenatis lacinia. Aenean sit amet justo. Morbi ut odio.",
      "certification": 42,
      "assigned_to": "0284254029",
      "mfg_date": "2019-12-05",
      "vendor": 42,
      "mac_address": "1221095668",
      "service_log": "Donec odio justo, sollicitudin ut, suscipit a, feugiat et, eros. Vestibulum ac est lacinia nisi venenatis tristique. Fusce congue, diam id ornare imperdiet, sapien urna pretium nisl, ut volutpat sapien arcu sed augue. Aliquam erat volutpat. In congue."
    }
  }, {
    "model": "[dataEntry.board]",
    "pk": 43,
    "fields": {
      "pn": "0100",
      "sn": "22",
      "chips": "7043989922",
      "description": "Vestibulum rutrum rutrum neque. Aenean auctor gravida sem. Praesent id massa id nisl venenatis lacinia. Aenean sit amet justo. Morbi ut odio. Cras mi pede, malesuada in, imperdiet et, commodo vulputate, justo. In blandit ultrices enim. Lorem ipsum dolor sit amet, consectetuer adipiscing elit. Proin interdum mauris non ligula pellentesque ultrices. Phasellus id sapien in sapien iaculis congue.",
      "certification": 43,
      "assigned_to": "8849304390",
      "mfg_date": "2019-06-10",
      "vendor": 43,
      "mac_address": "5966585555",
      "service_log": "Suspendisse potenti. In eleifend quam a odio. In hac habitasse platea dictumst. Maecenas ut massa quis augue luctus tincidunt. Nulla mollis molestie lorem. Quisque ut erat. Curabitur gravida nisi at nibh."
    }
  }, {
    "model": "[dataEntry.board]",
    "pk": 44,
    "fields": {
      "pn": "193",
      "sn": "42779",
      "chips": "1548754455",
      "description": "Nulla facilisi.",
      "certification": 44,
      "assigned_to": "0013359185",
      "mfg_date": "2019-10-19",
      "vendor": 44,
      "mac_address": "4273124432",
      "service_log": "In hac habitasse platea dictumst. Aliquam augue quam, sollicitudin vitae, consectetuer eget, rutrum at, lorem. Integer tincidunt ante vel ipsum. Praesent blandit lacinia erat. Vestibulum sed magna at nunc commodo placerat."
    }
  }, {
    "model": "[dataEntry.board]",
    "pk": 45,
    "fields": {
      "pn": "643",
      "sn": "0",
      "chips": "3882371838",
      "description": "Maecenas tincidunt lacus at velit. Vivamus vel nulla eget eros elementum pellentesque. Quisque porta volutpat erat.",
      "certification": 45,
      "assigned_to": "1841285048",
      "mfg_date": "2020-03-17",
      "vendor": 45,
      "mac_address": "5378777348",
      "service_log": "Vestibulum ante ipsum primis in faucibus orci luctus et ultrices posuere cubilia Curae; Nulla dapibus dolor vel est."
    }
  }, {
    "model": "[dataEntry.board]",
    "pk": 46,
    "fields": {
      "pn": "64",
      "sn": "0",
      "chips": "8567658438",
      "description": "Quisque id justo sit amet sapien dignissim vestibulum. Vestibulum ante ipsum primis in faucibus orci luctus et ultrices posuere cubilia Curae; Nulla dapibus dolor vel est. Donec odio justo, sollicitudin ut, suscipit a, feugiat et, eros. Vestibulum ac est lacinia nisi venenatis tristique. Fusce congue, diam id ornare imperdiet, sapien urna pretium nisl, ut volutpat sapien arcu sed augue. Aliquam erat volutpat. In congue.",
      "certification": 46,
      "assigned_to": "8530954386",
      "mfg_date": "2020-01-22",
      "vendor": 46,
      "mac_address": "9904373302",
      "service_log": "Vestibulum rutrum rutrum neque. Aenean auctor gravida sem. Praesent id massa id nisl venenatis lacinia. Aenean sit amet justo. Morbi ut odio. Cras mi pede, malesuada in, imperdiet et, commodo vulputate, justo. In blandit ultrices enim. Lorem ipsum dolor sit amet, consectetuer adipiscing elit. Proin interdum mauris non ligula pellentesque ultrices. Phasellus id sapien in sapien iaculis congue."
    }
  }, {
    "model": "[dataEntry.board]",
    "pk": 47,
    "fields": {
      "pn": "3",
      "sn": "795",
      "chips": "1958997439",
      "description": "Vestibulum ante ipsum primis in faucibus orci luctus et ultrices posuere cubilia Curae; Mauris viverra diam vitae quam. Suspendisse potenti. Nullam porttitor lacus at turpis. Donec posuere metus vitae ipsum. Aliquam non mauris. Morbi non lectus. Aliquam sit amet diam in magna bibendum imperdiet. Nullam orci pede, venenatis non, sodales sed, tincidunt eu, felis. Fusce posuere felis sed lacus. Morbi sem mauris, laoreet ut, rhoncus aliquet, pulvinar sed, nisl.",
      "certification": 47,
      "assigned_to": "2380540373",
      "mfg_date": "2019-12-26",
      "vendor": 47,
      "mac_address": "7618832412",
      "service_log": "Nulla tempus. Vivamus in felis eu sapien cursus vestibulum. Proin eu mi. Nulla ac enim. In tempor, turpis nec euismod scelerisque, quam turpis adipiscing lorem, vitae mattis nibh ligula nec sem."
    }
  }, {
    "model": "[dataEntry.board]",
    "pk": 48,
    "fields": {
      "pn": "71826",
      "sn": "04478",
      "chips": "3507008335",
      "description": "Aenean lectus. Pellentesque eget nunc. Donec quis orci eget orci vehicula condimentum. Curabitur in libero ut massa volutpat convallis. Morbi odio odio, elementum eu, interdum eu, tincidunt in, leo. Maecenas pulvinar lobortis est. Phasellus sit amet erat. Nulla tempus. Vivamus in felis eu sapien cursus vestibulum. Proin eu mi.",
      "certification": 48,
      "assigned_to": "3693581207",
      "mfg_date": "2019-12-11",
      "vendor": 48,
      "mac_address": "9956524190",
      "service_log": "In congue. Etiam justo. Etiam pretium iaculis justo. In hac habitasse platea dictumst. Etiam faucibus cursus urna. Ut tellus."
    }
  }, {
    "model": "[dataEntry.board]",
    "pk": 49,
    "fields": {
      "pn": "12",
      "sn": "05",
      "chips": "2226606505",
      "description": "Etiam justo. Etiam pretium iaculis justo. In hac habitasse platea dictumst. Etiam faucibus cursus urna. Ut tellus. Nulla ut erat id mauris vulputate elementum.",
      "certification": 49,
      "assigned_to": "4423131498",
      "mfg_date": "2020-02-25",
      "vendor": 49,
      "mac_address": "7833910309",
      "service_log": "Pellentesque viverra pede ac diam."
    }
  }, {
    "model": "[dataEntry.board]",
    "pk": 50,
    "fields": {
      "pn": "5444",
      "sn": "086",
      "chips": "0580428109",
      "description": "Donec odio justo, sollicitudin ut, suscipit a, feugiat et, eros. Vestibulum ac est lacinia nisi venenatis tristique. Fusce congue, diam id ornare imperdiet, sapien urna pretium nisl, ut volutpat sapien arcu sed augue. Aliquam erat volutpat. In congue.",
      "certification": 50,
      "assigned_to": "2909853187",
      "mfg_date": "2020-01-09",
      "vendor": 50,
      "mac_address": "0949779830",
      "service_log": "Donec ut mauris eget massa tempor convallis. Nulla neque libero, convallis eget, eleifend luctus, ultricies eu, nibh. Quisque id justo sit amet sapien dignissim vestibulum. Vestibulum ante ipsum primis in faucibus orci luctus et ultrices posuere cubilia Curae; Nulla dapibus dolor vel est. Donec odio justo, sollicitudin ut, suscipit a, feugiat et, eros. Vestibulum ac est lacinia nisi venenatis tristique. Fusce congue, diam id ornare imperdiet, sapien urna pretium nisl, ut volutpat sapien arcu sed augue. Aliquam erat volutpat. In congue. Etiam justo."
    }
  }, {
    "model": "[dataEntry.board]",
    "pk": 51,
    "fields": {
      "pn": "921",
      "sn": "55",
      "chips": "6183832707",
      "description": "Maecenas leo odio, condimentum id, luctus nec, molestie sed, justo. Pellentesque viverra pede ac diam. Cras pellentesque volutpat dui. Maecenas tristique, est et tempus semper, est quam pharetra magna, ac consequat metus sapien ut nunc. Vestibulum ante ipsum primis in faucibus orci luctus et ultrices posuere cubilia Curae; Mauris viverra diam vitae quam. Suspendisse potenti. Nullam porttitor lacus at turpis. Donec posuere metus vitae ipsum. Aliquam non mauris.",
      "certification": 51,
      "assigned_to": "4290333710",
      "mfg_date": "2019-04-24",
      "vendor": 51,
      "mac_address": "4982265720",
      "service_log": "Cras mi pede, malesuada in, imperdiet et, commodo vulputate, justo. In blandit ultrices enim. Lorem ipsum dolor sit amet, consectetuer adipiscing elit. Proin interdum mauris non ligula pellentesque ultrices. Phasellus id sapien in sapien iaculis congue. Vivamus metus arcu, adipiscing molestie, hendrerit at, vulputate vitae, nisl. Aenean lectus."
    }
  }, {
    "model": "[dataEntry.board]",
    "pk": 52,
    "fields": {
      "pn": "4",
      "sn": "5",
      "chips": "1090672195",
      "description": "Nulla mollis molestie lorem. Quisque ut erat.",
      "certification": 52,
      "assigned_to": "1985285428",
      "mfg_date": "2019-07-17",
      "vendor": 52,
      "mac_address": "2987509944",
      "service_log": "Quisque porta volutpat erat. Quisque erat eros, viverra eget, congue eget, semper rutrum, nulla. Nunc purus. Phasellus in felis. Donec semper sapien a libero. Nam dui."
    }
  }, {
    "model": "[dataEntry.board]",
    "pk": 53,
    "fields": {
      "pn": "32",
      "sn": "955",
      "chips": "2723053547",
      "description": "Vestibulum ante ipsum primis in faucibus orci luctus et ultrices posuere cubilia Curae; Nulla dapibus dolor vel est. Donec odio justo, sollicitudin ut, suscipit a, feugiat et, eros.",
      "certification": 53,
      "assigned_to": "1232700622",
      "mfg_date": "2019-09-14",
      "vendor": 53,
      "mac_address": "1317618602",
      "service_log": "Curabitur convallis. Duis consequat dui nec nisi volutpat eleifend. Donec ut dolor. Morbi vel lectus in quam fringilla rhoncus. Mauris enim leo, rhoncus sed, vestibulum sit amet, cursus id, turpis. Integer aliquet, massa id lobortis convallis, tortor risus dapibus augue, vel accumsan tellus nisi eu orci."
    }
  }, {
    "model": "[dataEntry.board]",
    "pk": 54,
    "fields": {
      "pn": "54",
      "sn": "52467",
      "chips": "5809258980",
      "description": "Sed ante. Vivamus tortor. Duis mattis egestas metus. Aenean fermentum.",
      "certification": 54,
      "assigned_to": "3832559574",
      "mfg_date": "2019-04-29",
      "vendor": 54,
      "mac_address": "3657278257",
      "service_log": "In congue. Etiam justo."
    }
  }, {
    "model": "[dataEntry.board]",
    "pk": 55,
    "fields": {
      "pn": "6",
      "sn": "7",
      "chips": "5066380043",
      "description": "Nullam sit amet turpis elementum ligula vehicula consequat. Morbi a ipsum. Integer a nibh. In quis justo. Maecenas rhoncus aliquam lacus. Morbi quis tortor id nulla ultrices aliquet. Maecenas leo odio, condimentum id, luctus nec, molestie sed, justo. Pellentesque viverra pede ac diam. Cras pellentesque volutpat dui.",
      "certification": 55,
      "assigned_to": "9690064045",
      "mfg_date": "2020-03-28",
      "vendor": 55,
      "mac_address": "6732128353",
      "service_log": "Quisque porta volutpat erat. Quisque erat eros, viverra eget, congue eget, semper rutrum, nulla. Nunc purus. Phasellus in felis. Donec semper sapien a libero. Nam dui. Proin leo odio, porttitor id, consequat in, consequat ut, nulla. Sed accumsan felis. Ut at dolor quis odio consequat varius. Integer ac leo."
    }
  }, {
    "model": "[dataEntry.board]",
    "pk": 56,
    "fields": {
      "pn": "9",
      "sn": "26740",
      "chips": "9165582616",
      "description": "Praesent blandit.",
      "certification": 56,
      "assigned_to": "5168884415",
      "mfg_date": "2019-07-17",
      "vendor": 56,
      "mac_address": "5702301315",
      "service_log": "Cras non velit nec nisi vulputate nonummy. Maecenas tincidunt lacus at velit. Vivamus vel nulla eget eros elementum pellentesque. Quisque porta volutpat erat. Quisque erat eros, viverra eget, congue eget, semper rutrum, nulla."
    }
  }, {
    "model": "[dataEntry.board]",
    "pk": 57,
    "fields": {
      "pn": "14",
      "sn": "19573",
      "chips": "2626911720",
      "description": "Vestibulum quam sapien, varius ut, blandit non, interdum in, ante. Vestibulum ante ipsum primis in faucibus orci luctus et ultrices posuere cubilia Curae; Duis faucibus accumsan odio. Curabitur convallis.",
      "certification": 57,
      "assigned_to": "4804017186",
      "mfg_date": "2019-12-10",
      "vendor": 57,
      "mac_address": "8671639207",
      "service_log": "Fusce congue, diam id ornare imperdiet, sapien urna pretium nisl, ut volutpat sapien arcu sed augue. Aliquam erat volutpat. In congue. Etiam justo. Etiam pretium iaculis justo. In hac habitasse platea dictumst. Etiam faucibus cursus urna."
    }
  }, {
    "model": "[dataEntry.board]",
    "pk": 58,
    "fields": {
      "pn": "28",
      "sn": "01405",
      "chips": "9733450693",
      "description": "Suspendisse potenti.",
      "certification": 58,
      "assigned_to": "4785277572",
      "mfg_date": "2019-09-13",
      "vendor": 58,
      "mac_address": "2480223817",
      "service_log": "Praesent blandit. Nam nulla. Integer pede justo, lacinia eget, tincidunt eget, tempus vel, pede. Morbi porttitor lorem id ligula. Suspendisse ornare consequat lectus."
    }
  }, {
    "model": "[dataEntry.board]",
    "pk": 59,
    "fields": {
      "pn": "31",
      "sn": "318",
      "chips": "7221253951",
      "description": "Suspendisse potenti. Cras in purus eu magna vulputate luctus. Cum sociis natoque penatibus et magnis dis parturient montes, nascetur ridiculus mus.",
      "certification": 59,
      "assigned_to": "6014034528",
      "mfg_date": "2019-04-07",
      "vendor": 59,
      "mac_address": "6461815732",
      "service_log": "Suspendisse accumsan tortor quis turpis. Sed ante. Vivamus tortor. Duis mattis egestas metus."
    }
  }, {
    "model": "[dataEntry.board]",
    "pk": 60,
    "fields": {
      "pn": "85",
      "sn": "40",
      "chips": "2407643747",
      "description": "Nulla mollis molestie lorem. Quisque ut erat. Curabitur gravida nisi at nibh. In hac habitasse platea dictumst. Aliquam augue quam, sollicitudin vitae, consectetuer eget, rutrum at, lorem.",
      "certification": 60,
      "assigned_to": "5742941854",
      "mfg_date": "2019-12-09",
      "vendor": 60,
      "mac_address": "2196646628",
      "service_log": "In tempor, turpis nec euismod scelerisque, quam turpis adipiscing lorem, vitae mattis nibh ligula nec sem. Duis aliquam convallis nunc. Proin at turpis a pede posuere nonummy. Integer non velit."
    }
  }, {
    "model": "[dataEntry.board]",
    "pk": 61,
    "fields": {
      "pn": "03458",
      "sn": "59197",
      "chips": "8484811794",
      "description": "Nulla facilisi. Cras non velit nec nisi vulputate nonummy. Maecenas tincidunt lacus at velit.",
      "certification": 61,
      "assigned_to": "6033788052",
      "mfg_date": "2020-03-25",
      "vendor": 61,
      "mac_address": "4088241010",
      "service_log": "Integer tincidunt ante vel ipsum. Praesent blandit lacinia erat."
    }
  }, {
    "model": "[dataEntry.board]",
    "pk": 62,
    "fields": {
      "pn": "7278",
      "sn": "17409",
      "chips": "1539891631",
      "description": "Etiam faucibus cursus urna. Ut tellus. Nulla ut erat id mauris vulputate elementum. Nullam varius. Nulla facilisi. Cras non velit nec nisi vulputate nonummy. Maecenas tincidunt lacus at velit. Vivamus vel nulla eget eros elementum pellentesque. Quisque porta volutpat erat. Quisque erat eros, viverra eget, congue eget, semper rutrum, nulla.",
      "certification": 62,
      "assigned_to": "6251671327",
      "mfg_date": "2019-08-16",
      "vendor": 62,
      "mac_address": "1101321113",
      "service_log": "Duis consequat dui nec nisi volutpat eleifend. Donec ut dolor. Morbi vel lectus in quam fringilla rhoncus. Mauris enim leo, rhoncus sed, vestibulum sit amet, cursus id, turpis. Integer aliquet, massa id lobortis convallis, tortor risus dapibus augue, vel accumsan tellus nisi eu orci. Mauris lacinia sapien quis libero. Nullam sit amet turpis elementum ligula vehicula consequat."
    }
  }, {
    "model": "[dataEntry.board]",
    "pk": 63,
    "fields": {
      "pn": "73915",
      "sn": "7723",
      "chips": "9899117382",
      "description": "In blandit ultrices enim. Lorem ipsum dolor sit amet, consectetuer adipiscing elit. Proin interdum mauris non ligula pellentesque ultrices. Phasellus id sapien in sapien iaculis congue. Vivamus metus arcu, adipiscing molestie, hendrerit at, vulputate vitae, nisl. Aenean lectus. Pellentesque eget nunc.",
      "certification": 63,
      "assigned_to": "6610884188",
      "mfg_date": "2019-09-22",
      "vendor": 63,
      "mac_address": "4280178216",
      "service_log": "Sed accumsan felis."
    }
  }, {
    "model": "[dataEntry.board]",
    "pk": 64,
    "fields": {
      "pn": "355",
      "sn": "219",
      "chips": "2688955446",
      "description": "Nulla tellus. In sagittis dui vel nisl. Duis ac nibh. Fusce lacus purus, aliquet at, feugiat non, pretium quis, lectus. Suspendisse potenti. In eleifend quam a odio. In hac habitasse platea dictumst. Maecenas ut massa quis augue luctus tincidunt. Nulla mollis molestie lorem. Quisque ut erat.",
      "certification": 64,
      "assigned_to": "1345415451",
      "mfg_date": "2019-12-06",
      "vendor": 64,
      "mac_address": "5477887257",
      "service_log": "Sed accumsan felis."
    }
  }, {
    "model": "[dataEntry.board]",
    "pk": 65,
    "fields": {
      "pn": "96545",
      "sn": "475",
      "chips": "3121216120",
      "description": "Cras in purus eu magna vulputate luctus. Cum sociis natoque penatibus et magnis dis parturient montes, nascetur ridiculus mus. Vivamus vestibulum sagittis sapien. Cum sociis natoque penatibus et magnis dis parturient montes, nascetur ridiculus mus. Etiam vel augue. Vestibulum rutrum rutrum neque. Aenean auctor gravida sem. Praesent id massa id nisl venenatis lacinia.",
      "certification": 65,
      "assigned_to": "9589557481",
      "mfg_date": "2020-02-27",
      "vendor": 65,
      "mac_address": "9352322142",
      "service_log": "Praesent blandit. Nam nulla. Integer pede justo, lacinia eget, tincidunt eget, tempus vel, pede. Morbi porttitor lorem id ligula. Suspendisse ornare consequat lectus. In est risus, auctor sed, tristique in, tempus sit amet, sem. Fusce consequat. Nulla nisl. Nunc nisl. Duis bibendum, felis sed interdum venenatis, turpis enim blandit mi, in porttitor pede justo eu massa."
    }
  }, {
    "model": "[dataEntry.board]",
    "pk": 66,
    "fields": {
      "pn": "74",
      "sn": "8",
      "chips": "5545997598",
      "description": "Praesent lectus. Vestibulum quam sapien, varius ut, blandit non, interdum in, ante.",
      "certification": 66,
      "assigned_to": "8458373416",
      "mfg_date": "2019-09-30",
      "vendor": 66,
      "mac_address": "3469266409",
      "service_log": "Praesent blandit lacinia erat. Vestibulum sed magna at nunc commodo placerat. Praesent blandit. Nam nulla. Integer pede justo, lacinia eget, tincidunt eget, tempus vel, pede. Morbi porttitor lorem id ligula. Suspendisse ornare consequat lectus. In est risus, auctor sed, tristique in, tempus sit amet, sem."
    }
  }, {
    "model": "[dataEntry.board]",
    "pk": 67,
    "fields": {
      "pn": "88",
      "sn": "0508",
      "chips": "6911614961",
      "description": "Cras non velit nec nisi vulputate nonummy. Maecenas tincidunt lacus at velit. Vivamus vel nulla eget eros elementum pellentesque. Quisque porta volutpat erat. Quisque erat eros, viverra eget, congue eget, semper rutrum, nulla. Nunc purus. Phasellus in felis. Donec semper sapien a libero. Nam dui.",
      "certification": 67,
      "assigned_to": "8671532127",
      "mfg_date": "2020-03-21",
      "vendor": 67,
      "mac_address": "2359082183",
      "service_log": "Nunc rhoncus dui vel sem. Sed sagittis. Nam congue, risus semper porta volutpat, quam pede lobortis ligula, sit amet eleifend pede libero quis orci. Nullam molestie nibh in lectus. Pellentesque at nulla. Suspendisse potenti. Cras in purus eu magna vulputate luctus. Cum sociis natoque penatibus et magnis dis parturient montes, nascetur ridiculus mus. Vivamus vestibulum sagittis sapien. Cum sociis natoque penatibus et magnis dis parturient montes, nascetur ridiculus mus."
    }
  }, {
    "model": "[dataEntry.board]",
    "pk": 68,
    "fields": {
      "pn": "5",
      "sn": "3",
      "chips": "7990782391",
      "description": "Pellentesque at nulla. Suspendisse potenti. Cras in purus eu magna vulputate luctus. Cum sociis natoque penatibus et magnis dis parturient montes, nascetur ridiculus mus. Vivamus vestibulum sagittis sapien. Cum sociis natoque penatibus et magnis dis parturient montes, nascetur ridiculus mus. Etiam vel augue. Vestibulum rutrum rutrum neque. Aenean auctor gravida sem. Praesent id massa id nisl venenatis lacinia.",
      "certification": 68,
      "assigned_to": "1051666643",
      "mfg_date": "2019-11-25",
      "vendor": 68,
      "mac_address": "4041038138",
      "service_log": "Vivamus tortor. Duis mattis egestas metus. Aenean fermentum. Donec ut mauris eget massa tempor convallis. Nulla neque libero, convallis eget, eleifend luctus, ultricies eu, nibh. Quisque id justo sit amet sapien dignissim vestibulum. Vestibulum ante ipsum primis in faucibus orci luctus et ultrices posuere cubilia Curae; Nulla dapibus dolor vel est. Donec odio justo, sollicitudin ut, suscipit a, feugiat et, eros."
    }
  }, {
    "model": "[dataEntry.board]",
    "pk": 69,
    "fields": {
      "pn": "5499",
      "sn": "91654",
      "chips": "8122628087",
      "description": "Morbi porttitor lorem id ligula. Suspendisse ornare consequat lectus. In est risus, auctor sed, tristique in, tempus sit amet, sem. Fusce consequat. Nulla nisl. Nunc nisl. Duis bibendum, felis sed interdum venenatis, turpis enim blandit mi, in porttitor pede justo eu massa. Donec dapibus. Duis at velit eu est congue elementum. In hac habitasse platea dictumst.",
      "certification": 69,
      "assigned_to": "3525718306",
      "mfg_date": "2019-11-23",
      "vendor": 69,
      "mac_address": "4767493420",
      "service_log": "Morbi vel lectus in quam fringilla rhoncus. Mauris enim leo, rhoncus sed, vestibulum sit amet, cursus id, turpis. Integer aliquet, massa id lobortis convallis, tortor risus dapibus augue, vel accumsan tellus nisi eu orci."
    }
  }, {
    "model": "[dataEntry.board]",
    "pk": 70,
    "fields": {
      "pn": "5172",
      "sn": "10",
      "chips": "3761369751",
      "description": "In congue. Etiam justo. Etiam pretium iaculis justo. In hac habitasse platea dictumst. Etiam faucibus cursus urna. Ut tellus.",
      "certification": 70,
      "assigned_to": "2173051822",
      "mfg_date": "2019-08-20",
      "vendor": 70,
      "mac_address": "1372461671",
      "service_log": "Fusce congue, diam id ornare imperdiet, sapien urna pretium nisl, ut volutpat sapien arcu sed augue. Aliquam erat volutpat. In congue."
    }
  }, {
    "model": "[dataEntry.board]",
    "pk": 71,
    "fields": {
      "pn": "44250",
      "sn": "205",
      "chips": "7842810117",
      "description": "Donec quis orci eget orci vehicula condimentum. Curabitur in libero ut massa volutpat convallis. Morbi odio odio, elementum eu, interdum eu, tincidunt in, leo. Maecenas pulvinar lobortis est. Phasellus sit amet erat. Nulla tempus. Vivamus in felis eu sapien cursus vestibulum. Proin eu mi. Nulla ac enim.",
      "certification": 71,
      "assigned_to": "0224734431",
      "mfg_date": "2019-11-20",
      "vendor": 71,
      "mac_address": "7918019075",
      "service_log": "Vivamus tortor. Duis mattis egestas metus. Aenean fermentum. Donec ut mauris eget massa tempor convallis."
    }
  }, {
    "model": "[dataEntry.board]",
    "pk": 72,
    "fields": {
      "pn": "418",
      "sn": "4",
      "chips": "4402002990",
      "description": "Morbi ut odio. Cras mi pede, malesuada in, imperdiet et, commodo vulputate, justo. In blandit ultrices enim. Lorem ipsum dolor sit amet, consectetuer adipiscing elit.",
      "certification": 72,
      "assigned_to": "0140038140",
      "mfg_date": "2019-06-14",
      "vendor": 72,
      "mac_address": "1324311851",
      "service_log": "In congue."
    }
  }, {
    "model": "[dataEntry.board]",
    "pk": 73,
    "fields": {
      "pn": "097",
      "sn": "98608",
      "chips": "7793662059",
      "description": "Phasellus sit amet erat. Nulla tempus. Vivamus in felis eu sapien cursus vestibulum. Proin eu mi. Nulla ac enim. In tempor, turpis nec euismod scelerisque, quam turpis adipiscing lorem, vitae mattis nibh ligula nec sem. Duis aliquam convallis nunc. Proin at turpis a pede posuere nonummy.",
      "certification": 73,
      "assigned_to": "0445334193",
      "mfg_date": "2019-10-27",
      "vendor": 73,
      "mac_address": "2477941011",
      "service_log": "Donec semper sapien a libero. Nam dui. Proin leo odio, porttitor id, consequat in, consequat ut, nulla. Sed accumsan felis. Ut at dolor quis odio consequat varius."
    }
  }, {
    "model": "[dataEntry.board]",
    "pk": 74,
    "fields": {
      "pn": "5",
      "sn": "2882",
      "chips": "7680654190",
      "description": "Nunc nisl. Duis bibendum, felis sed interdum venenatis, turpis enim blandit mi, in porttitor pede justo eu massa.",
      "certification": 74,
      "assigned_to": "8641879609",
      "mfg_date": "2020-02-13",
      "vendor": 74,
      "mac_address": "7769059674",
      "service_log": "Donec ut dolor. Morbi vel lectus in quam fringilla rhoncus. Mauris enim leo, rhoncus sed, vestibulum sit amet, cursus id, turpis. Integer aliquet, massa id lobortis convallis, tortor risus dapibus augue, vel accumsan tellus nisi eu orci. Mauris lacinia sapien quis libero. Nullam sit amet turpis elementum ligula vehicula consequat."
    }
  }, {
    "model": "[dataEntry.board]",
    "pk": 75,
    "fields": {
      "pn": "8",
      "sn": "3",
      "chips": "7784257430",
      "description": "Nulla justo. Aliquam quis turpis eget elit sodales scelerisque. Mauris sit amet eros. Suspendisse accumsan tortor quis turpis. Sed ante. Vivamus tortor. Duis mattis egestas metus. Aenean fermentum. Donec ut mauris eget massa tempor convallis.",
      "certification": 75,
      "assigned_to": "2269471350",
      "mfg_date": "2019-08-16",
      "vendor": 75,
      "mac_address": "8827816607",
      "service_log": "Morbi vestibulum, velit id pretium iaculis, diam erat fermentum justo, nec condimentum neque sapien placerat ante. Nulla justo. Aliquam quis turpis eget elit sodales scelerisque. Mauris sit amet eros."
    }
  }, {
    "model": "[dataEntry.board]",
    "pk": 76,
    "fields": {
      "pn": "49394",
      "sn": "7",
      "chips": "6363821088",
      "description": "Donec odio justo, sollicitudin ut, suscipit a, feugiat et, eros. Vestibulum ac est lacinia nisi venenatis tristique. Fusce congue, diam id ornare imperdiet, sapien urna pretium nisl, ut volutpat sapien arcu sed augue. Aliquam erat volutpat. In congue. Etiam justo. Etiam pretium iaculis justo. In hac habitasse platea dictumst. Etiam faucibus cursus urna. Ut tellus.",
      "certification": 76,
      "assigned_to": "8287985323",
      "mfg_date": "2020-02-20",
      "vendor": 76,
      "mac_address": "1400359694",
      "service_log": "Vivamus vestibulum sagittis sapien. Cum sociis natoque penatibus et magnis dis parturient montes, nascetur ridiculus mus. Etiam vel augue. Vestibulum rutrum rutrum neque. Aenean auctor gravida sem. Praesent id massa id nisl venenatis lacinia. Aenean sit amet justo. Morbi ut odio. Cras mi pede, malesuada in, imperdiet et, commodo vulputate, justo. In blandit ultrices enim."
    }
  }, {
    "model": "[dataEntry.board]",
    "pk": 77,
    "fields": {
      "pn": "6584",
      "sn": "07",
      "chips": "4306796272",
      "description": "Duis consequat dui nec nisi volutpat eleifend. Donec ut dolor. Morbi vel lectus in quam fringilla rhoncus. Mauris enim leo, rhoncus sed, vestibulum sit amet, cursus id, turpis. Integer aliquet, massa id lobortis convallis, tortor risus dapibus augue, vel accumsan tellus nisi eu orci. Mauris lacinia sapien quis libero. Nullam sit amet turpis elementum ligula vehicula consequat. Morbi a ipsum. Integer a nibh.",
      "certification": 77,
      "assigned_to": "8793621361",
      "mfg_date": "2020-03-18",
      "vendor": 77,
      "mac_address": "7109620689",
      "service_log": "Proin at turpis a pede posuere nonummy. Integer non velit."
    }
  }, {
    "model": "[dataEntry.board]",
    "pk": 78,
    "fields": {
      "pn": "4",
      "sn": "5",
      "chips": "6225335072",
      "description": "Proin interdum mauris non ligula pellentesque ultrices. Phasellus id sapien in sapien iaculis congue. Vivamus metus arcu, adipiscing molestie, hendrerit at, vulputate vitae, nisl. Aenean lectus. Pellentesque eget nunc. Donec quis orci eget orci vehicula condimentum. Curabitur in libero ut massa volutpat convallis. Morbi odio odio, elementum eu, interdum eu, tincidunt in, leo.",
      "certification": 78,
      "assigned_to": "3493807864",
      "mfg_date": "2019-11-22",
      "vendor": 78,
      "mac_address": "5867816028",
      "service_log": "Proin risus. Praesent lectus. Vestibulum quam sapien, varius ut, blandit non, interdum in, ante. Vestibulum ante ipsum primis in faucibus orci luctus et ultrices posuere cubilia Curae; Duis faucibus accumsan odio. Curabitur convallis. Duis consequat dui nec nisi volutpat eleifend. Donec ut dolor. Morbi vel lectus in quam fringilla rhoncus."
    }
  }, {
    "model": "[dataEntry.board]",
    "pk": 79,
    "fields": {
      "pn": "2473",
      "sn": "50085",
      "chips": "0542390779",
      "description": "Aliquam quis turpis eget elit sodales scelerisque. Mauris sit amet eros. Suspendisse accumsan tortor quis turpis. Sed ante. Vivamus tortor. Duis mattis egestas metus. Aenean fermentum. Donec ut mauris eget massa tempor convallis.",
      "certification": 79,
      "assigned_to": "1501441922",
      "mfg_date": "2020-03-07",
      "vendor": 79,
      "mac_address": "8907737312",
      "service_log": "Nam congue, risus semper porta volutpat, quam pede lobortis ligula, sit amet eleifend pede libero quis orci. Nullam molestie nibh in lectus. Pellentesque at nulla. Suspendisse potenti. Cras in purus eu magna vulputate luctus. Cum sociis natoque penatibus et magnis dis parturient montes, nascetur ridiculus mus. Vivamus vestibulum sagittis sapien. Cum sociis natoque penatibus et magnis dis parturient montes, nascetur ridiculus mus. Etiam vel augue."
    }
  }, {
    "model": "[dataEntry.board]",
    "pk": 80,
    "fields": {
      "pn": "6450",
      "sn": "8",
      "chips": "8949809923",
      "description": "Vestibulum quam sapien, varius ut, blandit non, interdum in, ante. Vestibulum ante ipsum primis in faucibus orci luctus et ultrices posuere cubilia Curae; Duis faucibus accumsan odio.",
      "certification": 80,
      "assigned_to": "5528299012",
      "mfg_date": "2020-01-23",
      "vendor": 80,
      "mac_address": "9797171078",
      "service_log": "Nunc rhoncus dui vel sem. Sed sagittis. Nam congue, risus semper porta volutpat, quam pede lobortis ligula, sit amet eleifend pede libero quis orci."
    }
  }, {
    "model": "[dataEntry.board]",
    "pk": 81,
    "fields": {
      "pn": "5486",
      "sn": "23943",
      "chips": "4272527916",
      "description": "Praesent blandit lacinia erat. Vestibulum sed magna at nunc commodo placerat. Praesent blandit. Nam nulla. Integer pede justo, lacinia eget, tincidunt eget, tempus vel, pede. Morbi porttitor lorem id ligula. Suspendisse ornare consequat lectus. In est risus, auctor sed, tristique in, tempus sit amet, sem. Fusce consequat.",
      "certification": 81,
      "assigned_to": "4448533255",
      "mfg_date": "2019-09-22",
      "vendor": 81,
      "mac_address": "0298722763",
      "service_log": "Vestibulum ante ipsum primis in faucibus orci luctus et ultrices posuere cubilia Curae; Donec pharetra, magna vestibulum aliquet ultrices, erat tortor sollicitudin mi, sit amet lobortis sapien sapien non mi. Integer ac neque. Duis bibendum. Morbi non quam nec dui luctus rutrum."
    }
  }, {
    "model": "[dataEntry.board]",
    "pk": 82,
    "fields": {
      "pn": "26",
      "sn": "2815",
      "chips": "5652146532",
      "description": "Donec quis orci eget orci vehicula condimentum. Curabitur in libero ut massa volutpat convallis. Morbi odio odio, elementum eu, interdum eu, tincidunt in, leo. Maecenas pulvinar lobortis est. Phasellus sit amet erat. Nulla tempus. Vivamus in felis eu sapien cursus vestibulum. Proin eu mi. Nulla ac enim. In tempor, turpis nec euismod scelerisque, quam turpis adipiscing lorem, vitae mattis nibh ligula nec sem.",
      "certification": 82,
      "assigned_to": "2852637502",
      "mfg_date": "2019-05-24",
      "vendor": 82,
      "mac_address": "7451328287",
      "service_log": "Proin eu mi. Nulla ac enim. In tempor, turpis nec euismod scelerisque, quam turpis adipiscing lorem, vitae mattis nibh ligula nec sem. Duis aliquam convallis nunc."
    }
  }, {
    "model": "[dataEntry.board]",
    "pk": 83,
    "fields": {
      "pn": "28101",
      "sn": "43",
      "chips": "3051509256",
      "description": "Aenean fermentum. Donec ut mauris eget massa tempor convallis. Nulla neque libero, convallis eget, eleifend luctus, ultricies eu, nibh. Quisque id justo sit amet sapien dignissim vestibulum. Vestibulum ante ipsum primis in faucibus orci luctus et ultrices posuere cubilia Curae; Nulla dapibus dolor vel est. Donec odio justo, sollicitudin ut, suscipit a, feugiat et, eros. Vestibulum ac est lacinia nisi venenatis tristique. Fusce congue, diam id ornare imperdiet, sapien urna pretium nisl, ut volutpat sapien arcu sed augue. Aliquam erat volutpat. In congue.",
      "certification": 83,
      "assigned_to": "9010655687",
      "mfg_date": "2020-03-12",
      "vendor": 83,
      "mac_address": "7250139827",
      "service_log": "In blandit ultrices enim. Lorem ipsum dolor sit amet, consectetuer adipiscing elit. Proin interdum mauris non ligula pellentesque ultrices. Phasellus id sapien in sapien iaculis congue. Vivamus metus arcu, adipiscing molestie, hendrerit at, vulputate vitae, nisl. Aenean lectus. Pellentesque eget nunc."
    }
  }, {
    "model": "[dataEntry.board]",
    "pk": 84,
    "fields": {
      "pn": "2",
      "sn": "14",
      "chips": "6916627190",
      "description": "Vestibulum ante ipsum primis in faucibus orci luctus et ultrices posuere cubilia Curae; Mauris viverra diam vitae quam.",
      "certification": 84,
      "assigned_to": "2175316092",
      "mfg_date": "2019-05-26",
      "vendor": 84,
      "mac_address": "3015288806",
      "service_log": "Lorem ipsum dolor sit amet, consectetuer adipiscing elit. Proin risus. Praesent lectus. Vestibulum quam sapien, varius ut, blandit non, interdum in, ante. Vestibulum ante ipsum primis in faucibus orci luctus et ultrices posuere cubilia Curae; Duis faucibus accumsan odio."
    }
  }, {
    "model": "[dataEntry.board]",
    "pk": 85,
    "fields": {
      "pn": "65563",
      "sn": "51",
      "chips": "7744130669",
      "description": "Integer pede justo, lacinia eget, tincidunt eget, tempus vel, pede. Morbi porttitor lorem id ligula. Suspendisse ornare consequat lectus. In est risus, auctor sed, tristique in, tempus sit amet, sem. Fusce consequat.",
      "certification": 85,
      "assigned_to": "1664918302",
      "mfg_date": "2019-09-10",
      "vendor": 85,
      "mac_address": "3698241951",
      "service_log": "Suspendisse ornare consequat lectus. In est risus, auctor sed, tristique in, tempus sit amet, sem. Fusce consequat. Nulla nisl. Nunc nisl. Duis bibendum, felis sed interdum venenatis, turpis enim blandit mi, in porttitor pede justo eu massa."
    }
  }, {
    "model": "[dataEntry.board]",
    "pk": 86,
    "fields": {
      "pn": "6",
      "sn": "168",
      "chips": "3026642886",
      "description": "Duis bibendum.",
      "certification": 86,
      "assigned_to": "6129592949",
      "mfg_date": "2019-12-16",
      "vendor": 86,
      "mac_address": "8826310998",
      "service_log": "Donec odio justo, sollicitudin ut, suscipit a, feugiat et, eros. Vestibulum ac est lacinia nisi venenatis tristique. Fusce congue, diam id ornare imperdiet, sapien urna pretium nisl, ut volutpat sapien arcu sed augue. Aliquam erat volutpat. In congue."
    }
  }, {
    "model": "[dataEntry.board]",
    "pk": 87,
    "fields": {
      "pn": "3",
      "sn": "0",
      "chips": "1560215380",
      "description": "Mauris lacinia sapien quis libero. Nullam sit amet turpis elementum ligula vehicula consequat. Morbi a ipsum. Integer a nibh. In quis justo. Maecenas rhoncus aliquam lacus.",
      "certification": 87,
      "assigned_to": "7947438854",
      "mfg_date": "2019-06-05",
      "vendor": 87,
      "mac_address": "0740303546",
      "service_log": "Suspendisse accumsan tortor quis turpis. Sed ante. Vivamus tortor. Duis mattis egestas metus. Aenean fermentum. Donec ut mauris eget massa tempor convallis. Nulla neque libero, convallis eget, eleifend luctus, ultricies eu, nibh. Quisque id justo sit amet sapien dignissim vestibulum. Vestibulum ante ipsum primis in faucibus orci luctus et ultrices posuere cubilia Curae; Nulla dapibus dolor vel est. Donec odio justo, sollicitudin ut, suscipit a, feugiat et, eros."
    }
  }, {
    "model": "[dataEntry.board]",
    "pk": 88,
    "fields": {
      "pn": "39891",
      "sn": "383",
      "chips": "4910998128",
      "description": "Vestibulum ante ipsum primis in faucibus orci luctus et ultrices posuere cubilia Curae; Donec pharetra, magna vestibulum aliquet ultrices, erat tortor sollicitudin mi, sit amet lobortis sapien sapien non mi. Integer ac neque. Duis bibendum. Morbi non quam nec dui luctus rutrum.",
      "certification": 88,
      "assigned_to": "3374105661",
      "mfg_date": "2019-11-01",
      "vendor": 88,
      "mac_address": "9083848574",
      "service_log": "Nunc purus. Phasellus in felis. Donec semper sapien a libero. Nam dui. Proin leo odio, porttitor id, consequat in, consequat ut, nulla. Sed accumsan felis."
    }
  }, {
    "model": "[dataEntry.board]",
    "pk": 89,
    "fields": {
      "pn": "250",
      "sn": "9",
      "chips": "1407098500",
      "description": "Nulla mollis molestie lorem. Quisque ut erat.",
      "certification": 89,
      "assigned_to": "4781197027",
      "mfg_date": "2020-01-02",
      "vendor": 89,
      "mac_address": "6269938740",
      "service_log": "Proin eu mi. Nulla ac enim. In tempor, turpis nec euismod scelerisque, quam turpis adipiscing lorem, vitae mattis nibh ligula nec sem. Duis aliquam convallis nunc. Proin at turpis a pede posuere nonummy. Integer non velit."
    }
  }, {
    "model": "[dataEntry.board]",
    "pk": 90,
    "fields": {
      "pn": "1",
      "sn": "40623",
      "chips": "5644912132",
      "description": "Integer ac leo.",
      "certification": 90,
      "assigned_to": "5415655840",
      "mfg_date": "2020-02-14",
      "vendor": 90,
      "mac_address": "7200473243",
      "service_log": "Duis consequat dui nec nisi volutpat eleifend. Donec ut dolor. Morbi vel lectus in quam fringilla rhoncus. Mauris enim leo, rhoncus sed, vestibulum sit amet, cursus id, turpis. Integer aliquet, massa id lobortis convallis, tortor risus dapibus augue, vel accumsan tellus nisi eu orci. Mauris lacinia sapien quis libero. Nullam sit amet turpis elementum ligula vehicula consequat. Morbi a ipsum."
    }
  }, {
    "model": "[dataEntry.board]",
    "pk": 91,
    "fields": {
      "pn": "5534",
      "sn": "66",
      "chips": "6773741904",
      "description": "Nulla justo. Aliquam quis turpis eget elit sodales scelerisque. Mauris sit amet eros. Suspendisse accumsan tortor quis turpis. Sed ante. Vivamus tortor. Duis mattis egestas metus. Aenean fermentum. Donec ut mauris eget massa tempor convallis.",
      "certification": 91,
      "assigned_to": "1114841501",
      "mfg_date": "2019-12-17",
      "vendor": 91,
      "mac_address": "9038351860",
      "service_log": "Proin interdum mauris non ligula pellentesque ultrices. Phasellus id sapien in sapien iaculis congue. Vivamus metus arcu, adipiscing molestie, hendrerit at, vulputate vitae, nisl. Aenean lectus. Pellentesque eget nunc. Donec quis orci eget orci vehicula condimentum. Curabitur in libero ut massa volutpat convallis."
    }
  }, {
    "model": "[dataEntry.board]",
    "pk": 92,
    "fields": {
      "pn": "62903",
      "sn": "804",
      "chips": "8229906858",
      "description": "Sed sagittis. Nam congue, risus semper porta volutpat, quam pede lobortis ligula, sit amet eleifend pede libero quis orci.",
      "certification": 92,
      "assigned_to": "9626620714",
      "mfg_date": "2020-02-28",
      "vendor": 92,
      "mac_address": "9107392109",
      "service_log": "Donec diam neque, vestibulum eget, vulputate ut, ultrices vel, augue."
    }
  }, {
    "model": "[dataEntry.board]",
    "pk": 93,
    "fields": {
      "pn": "0904",
      "sn": "8",
      "chips": "9902099254",
      "description": "Nulla ut erat id mauris vulputate elementum. Nullam varius. Nulla facilisi. Cras non velit nec nisi vulputate nonummy.",
      "certification": 93,
      "assigned_to": "2786361397",
      "mfg_date": "2019-06-22",
      "vendor": 93,
      "mac_address": "0631222294",
      "service_log": "Nunc rhoncus dui vel sem. Sed sagittis. Nam congue, risus semper porta volutpat, quam pede lobortis ligula, sit amet eleifend pede libero quis orci."
    }
  }, {
    "model": "[dataEntry.board]",
    "pk": 94,
    "fields": {
      "pn": "12",
      "sn": "65448",
      "chips": "6399806496",
      "description": "Sed accumsan felis. Ut at dolor quis odio consequat varius. Integer ac leo. Pellentesque ultrices mattis odio.",
      "certification": 94,
      "assigned_to": "7103368872",
      "mfg_date": "2020-01-28",
      "vendor": 94,
      "mac_address": "0114316848",
      "service_log": "Nunc nisl. Duis bibendum, felis sed interdum venenatis, turpis enim blandit mi, in porttitor pede justo eu massa."
    }
  }, {
    "model": "[dataEntry.board]",
    "pk": 95,
    "fields": {
      "pn": "261",
      "sn": "68038",
      "chips": "7764786233",
      "description": "Nulla ac enim. In tempor, turpis nec euismod scelerisque, quam turpis adipiscing lorem, vitae mattis nibh ligula nec sem.",
      "certification": 95,
      "assigned_to": "5893281543",
      "mfg_date": "2020-03-03",
      "vendor": 95,
      "mac_address": "4266385684",
      "service_log": "Proin leo odio, porttitor id, consequat in, consequat ut, nulla."
    }
  }, {
    "model": "[dataEntry.board]",
    "pk": 96,
    "fields": {
      "pn": "621",
      "sn": "0",
      "chips": "6011673740",
      "description": "Nulla mollis molestie lorem. Quisque ut erat. Curabitur gravida nisi at nibh. In hac habitasse platea dictumst. Aliquam augue quam, sollicitudin vitae, consectetuer eget, rutrum at, lorem. Integer tincidunt ante vel ipsum. Praesent blandit lacinia erat.",
      "certification": 96,
      "assigned_to": "4218485933",
      "mfg_date": "2020-02-23",
      "vendor": 96,
      "mac_address": "8235566591",
      "service_log": "Donec vitae nisi. Nam ultrices, libero non mattis pulvinar, nulla pede ullamcorper augue, a suscipit nulla elit ac nulla. Sed vel enim sit amet nunc viverra dapibus. Nulla suscipit ligula in lacus. Curabitur at ipsum ac tellus semper interdum. Mauris ullamcorper purus sit amet nulla."
    }
  }, {
    "model": "[dataEntry.board]",
    "pk": 97,
    "fields": {
      "pn": "621",
      "sn": "2406",
      "chips": "9043308277",
      "description": "Maecenas ut massa quis augue luctus tincidunt.",
      "certification": 97,
      "assigned_to": "0167366661",
      "mfg_date": "2019-05-02",
      "vendor": 97,
      "mac_address": "6492109937",
      "service_log": "Morbi sem mauris, laoreet ut, rhoncus aliquet, pulvinar sed, nisl. Nunc rhoncus dui vel sem."
    }
  }, {
    "model": "[dataEntry.board]",
    "pk": 98,
    "fields": {
      "pn": "7037",
      "sn": "7",
      "chips": "1856043150",
      "description": "Nunc purus. Phasellus in felis. Donec semper sapien a libero. Nam dui. Proin leo odio, porttitor id, consequat in, consequat ut, nulla. Sed accumsan felis.",
      "certification": 98,
      "assigned_to": "4901976052",
      "mfg_date": "2019-03-31",
      "vendor": 98,
      "mac_address": "7030756215",
      "service_log": "Quisque id justo sit amet sapien dignissim vestibulum. Vestibulum ante ipsum primis in faucibus orci luctus et ultrices posuere cubilia Curae; Nulla dapibus dolor vel est. Donec odio justo, sollicitudin ut, suscipit a, feugiat et, eros. Vestibulum ac est lacinia nisi venenatis tristique. Fusce congue, diam id ornare imperdiet, sapien urna pretium nisl, ut volutpat sapien arcu sed augue. Aliquam erat volutpat. In congue. Etiam justo. Etiam pretium iaculis justo."
    }
  }, {
    "model": "[dataEntry.board]",
    "pk": 99,
    "fields": {
      "pn": "3",
      "sn": "409",
      "chips": "9488896639",
      "description": "Vestibulum ante ipsum primis in faucibus orci luctus et ultrices posuere cubilia Curae; Donec pharetra, magna vestibulum aliquet ultrices, erat tortor sollicitudin mi, sit amet lobortis sapien sapien non mi. Integer ac neque. Duis bibendum. Morbi non quam nec dui luctus rutrum.",
      "certification": 99,
      "assigned_to": "9303991206",
      "mfg_date": "2019-12-26",
      "vendor": 99,
      "mac_address": "1644835290",
      "service_log": "Nullam porttitor lacus at turpis."
    }
  }, {
    "model": "[dataEntry.board]",
    "pk": 100,
    "fields": {
      "pn": "2148",
      "sn": "1",
      "chips": "5915530400",
      "description": "Nulla ac enim. In tempor, turpis nec euismod scelerisque, quam turpis adipiscing lorem, vitae mattis nibh ligula nec sem. Duis aliquam convallis nunc. Proin at turpis a pede posuere nonummy. Integer non velit. Donec diam neque, vestibulum eget, vulputate ut, ultrices vel, augue. Vestibulum ante ipsum primis in faucibus orci luctus et ultrices posuere cubilia Curae; Donec pharetra, magna vestibulum aliquet ultrices, erat tortor sollicitudin mi, sit amet lobortis sapien sapien non mi. Integer ac neque.",
      "certification": 100,
      "assigned_to": "2832308252",
      "mfg_date": "2019-05-15",
      "vendor": 100,
      "mac_address": "0189406151",
      "service_log": "Fusce congue, diam id ornare imperdiet, sapien urna pretium nisl, ut volutpat sapien arcu sed augue. Aliquam erat volutpat. In congue. Etiam justo. Etiam pretium iaculis justo."
    }
  }]