[{
    "model": "[dataEntry.chip]",
    "pk": 1,
    "fields": {
      "pn": "18",
      "sn": "4",
      "description": "Duis bibendum. Morbi non quam nec dui luctus rutrum. Nulla tellus. In sagittis dui vel nisl. Duis ac nibh. Fusce lacus purus, aliquet at, feugiat non, pretium quis, lectus.",
      "package": 1,
      "mfg_date": "2019-06-11",
      "vendor": 1,
      "speed_grade": 1
    }
  }, {
    "model": "[dataEntry.chip]",
    "pk": 2,
    "fields": {
      "pn": "26230",
      "sn": "13958",
      "description": "Nulla tempus. Vivamus in felis eu sapien cursus vestibulum. Proin eu mi. Nulla ac enim. In tempor, turpis nec euismod scelerisque, quam turpis adipiscing lorem, vitae mattis nibh ligula nec sem. Duis aliquam convallis nunc. Proin at turpis a pede posuere nonummy.",
      "package": 2,
      "mfg_date": "2020-01-18",
      "vendor": 2,
      "speed_grade": 2
    }
  }, {
    "model": "[dataEntry.chip]",
    "pk": 3,
    "fields": {
      "pn": "6132",
      "sn": "05",
      "description": "Quisque id justo sit amet sapien dignissim vestibulum.",
      "package": 3,
      "mfg_date": "2020-03-27",
      "vendor": 3,
      "speed_grade": 3
    }
  }, {
    "model": "[dataEntry.chip]",
    "pk": 4,
    "fields": {
      "pn": "9089",
      "sn": "92767",
      "description": "Integer a nibh.",
      "package": 4,
      "mfg_date": "2019-06-12",
      "vendor": 4,
      "speed_grade": 4
    }
  }, {
    "model": "[dataEntry.chip]",
    "pk": 5,
    "fields": {
      "pn": "274",
      "sn": "796",
      "description": "Nullam orci pede, venenatis non, sodales sed, tincidunt eu, felis. Fusce posuere felis sed lacus. Morbi sem mauris, laoreet ut, rhoncus aliquet, pulvinar sed, nisl. Nunc rhoncus dui vel sem.",
      "package": 5,
      "mfg_date": "2019-11-15",
      "vendor": 5,
      "speed_grade": 5
    }
  }, {
    "model": "[dataEntry.chip]",
    "pk": 6,
    "fields": {
      "pn": "9134",
      "sn": "415",
      "description": "In hac habitasse platea dictumst. Etiam faucibus cursus urna. Ut tellus. Nulla ut erat id mauris vulputate elementum. Nullam varius. Nulla facilisi. Cras non velit nec nisi vulputate nonummy. Maecenas tincidunt lacus at velit. Vivamus vel nulla eget eros elementum pellentesque. Quisque porta volutpat erat.",
      "package": 6,
      "mfg_date": "2020-02-01",
      "vendor": 6,
      "speed_grade": 6
    }
  }, {
    "model": "[dataEntry.chip]",
    "pk": 7,
    "fields": {
      "pn": "9123",
      "sn": "65436",
      "description": "Etiam faucibus cursus urna. Ut tellus. Nulla ut erat id mauris vulputate elementum. Nullam varius. Nulla facilisi.",
      "package": 7,
      "mfg_date": "2020-03-07",
      "vendor": 7,
      "speed_grade": 7
    }
  }, {
    "model": "[dataEntry.chip]",
    "pk": 8,
    "fields": {
      "pn": "91",
      "sn": "59614",
      "description": "Pellentesque viverra pede ac diam. Cras pellentesque volutpat dui. Maecenas tristique, est et tempus semper, est quam pharetra magna, ac consequat metus sapien ut nunc.",
      "package": 8,
      "mfg_date": "2019-08-13",
      "vendor": 8,
      "speed_grade": 8
    }
  }, {
    "model": "[dataEntry.chip]",
    "pk": 9,
    "fields": {
      "pn": "86583",
      "sn": "504",
      "description": "Donec vitae nisi.",
      "package": 9,
      "mfg_date": "2019-10-06",
      "vendor": 9,
      "speed_grade": 9
    }
  }, {
    "model": "[dataEntry.chip]",
    "pk": 10,
    "fields": {
      "pn": "6255",
      "sn": "746",
      "description": "Donec dapibus. Duis at velit eu est congue elementum. In hac habitasse platea dictumst. Morbi vestibulum, velit id pretium iaculis, diam erat fermentum justo, nec condimentum neque sapien placerat ante. Nulla justo.",
      "package": 10,
      "mfg_date": "2020-01-10",
      "vendor": 10,
      "speed_grade": 10
    }
  }, {
    "model": "[dataEntry.chip]",
    "pk": 11,
    "fields": {
      "pn": "393",
      "sn": "74924",
      "description": "Morbi quis tortor id nulla ultrices aliquet. Maecenas leo odio, condimentum id, luctus nec, molestie sed, justo. Pellentesque viverra pede ac diam.",
      "package": 11,
      "mfg_date": "2019-07-05",
      "vendor": 11,
      "speed_grade": 11
    }
  }, {
    "model": "[dataEntry.chip]",
    "pk": 12,
    "fields": {
      "pn": "32791",
      "sn": "9",
      "description": "Etiam pretium iaculis justo. In hac habitasse platea dictumst. Etiam faucibus cursus urna. Ut tellus. Nulla ut erat id mauris vulputate elementum. Nullam varius. Nulla facilisi. Cras non velit nec nisi vulputate nonummy. Maecenas tincidunt lacus at velit.",
      "package": 12,
      "mfg_date": "2019-11-19",
      "vendor": 12,
      "speed_grade": 12
    }
  }, {
    "model": "[dataEntry.chip]",
    "pk": 13,
    "fields": {
      "pn": "83528",
      "sn": "345",
      "description": "Nam congue, risus semper porta volutpat, quam pede lobortis ligula, sit amet eleifend pede libero quis orci. Nullam molestie nibh in lectus. Pellentesque at nulla. Suspendisse potenti. Cras in purus eu magna vulputate luctus. Cum sociis natoque penatibus et magnis dis parturient montes, nascetur ridiculus mus. Vivamus vestibulum sagittis sapien.",
      "package": 13,
      "mfg_date": "2019-08-27",
      "vendor": 13,
      "speed_grade": 13
    }
  }, {
    "model": "[dataEntry.chip]",
    "pk": 14,
    "fields": {
      "pn": "8",
      "sn": "1257",
      "description": "Cras mi pede, malesuada in, imperdiet et, commodo vulputate, justo. In blandit ultrices enim. Lorem ipsum dolor sit amet, consectetuer adipiscing elit. Proin interdum mauris non ligula pellentesque ultrices. Phasellus id sapien in sapien iaculis congue. Vivamus metus arcu, adipiscing molestie, hendrerit at, vulputate vitae, nisl. Aenean lectus. Pellentesque eget nunc.",
      "package": 14,
      "mfg_date": "2020-03-27",
      "vendor": 14,
      "speed_grade": 14
    }
  }, {
    "model": "[dataEntry.chip]",
    "pk": 15,
    "fields": {
      "pn": "81",
      "sn": "414",
      "description": "Morbi odio odio, elementum eu, interdum eu, tincidunt in, leo.",
      "package": 15,
      "mfg_date": "2020-02-16",
      "vendor": 15,
      "speed_grade": 15
    }
  }, {
    "model": "[dataEntry.chip]",
    "pk": 16,
    "fields": {
      "pn": "99404",
      "sn": "8988",
      "description": "Integer aliquet, massa id lobortis convallis, tortor risus dapibus augue, vel accumsan tellus nisi eu orci. Mauris lacinia sapien quis libero. Nullam sit amet turpis elementum ligula vehicula consequat.",
      "package": 16,
      "mfg_date": "2020-03-13",
      "vendor": 16,
      "speed_grade": 16
    }
  }, {
    "model": "[dataEntry.chip]",
    "pk": 17,
    "fields": {
      "pn": "0839",
      "sn": "82998",
      "description": "Aenean fermentum. Donec ut mauris eget massa tempor convallis. Nulla neque libero, convallis eget, eleifend luctus, ultricies eu, nibh. Quisque id justo sit amet sapien dignissim vestibulum. Vestibulum ante ipsum primis in faucibus orci luctus et ultrices posuere cubilia Curae; Nulla dapibus dolor vel est. Donec odio justo, sollicitudin ut, suscipit a, feugiat et, eros.",
      "package": 17,
      "mfg_date": "2019-10-18",
      "vendor": 17,
      "speed_grade": 17
    }
  }, {
    "model": "[dataEntry.chip]",
    "pk": 18,
    "fields": {
      "pn": "2",
      "sn": "71",
      "description": "Morbi vel lectus in quam fringilla rhoncus.",
      "package": 18,
      "mfg_date": "2019-11-15",
      "vendor": 18,
      "speed_grade": 18
    }
  }, {
    "model": "[dataEntry.chip]",
    "pk": 19,
    "fields": {
      "pn": "313",
      "sn": "49",
      "description": "Cras pellentesque volutpat dui. Maecenas tristique, est et tempus semper, est quam pharetra magna, ac consequat metus sapien ut nunc. Vestibulum ante ipsum primis in faucibus orci luctus et ultrices posuere cubilia Curae; Mauris viverra diam vitae quam. Suspendisse potenti. Nullam porttitor lacus at turpis. Donec posuere metus vitae ipsum. Aliquam non mauris. Morbi non lectus.",
      "package": 19,
      "mfg_date": "2019-06-08",
      "vendor": 19,
      "speed_grade": 19
    }
  }, {
    "model": "[dataEntry.chip]",
    "pk": 20,
    "fields": {
      "pn": "5",
      "sn": "3",
      "description": "Integer a nibh. In quis justo. Maecenas rhoncus aliquam lacus. Morbi quis tortor id nulla ultrices aliquet. Maecenas leo odio, condimentum id, luctus nec, molestie sed, justo. Pellentesque viverra pede ac diam. Cras pellentesque volutpat dui.",
      "package": 20,
      "mfg_date": "2020-01-27",
      "vendor": 20,
      "speed_grade": 20
    }
  }, {
    "model": "[dataEntry.chip]",
    "pk": 21,
    "fields": {
      "pn": "1",
      "sn": "2",
      "description": "In blandit ultrices enim. Lorem ipsum dolor sit amet, consectetuer adipiscing elit. Proin interdum mauris non ligula pellentesque ultrices. Phasellus id sapien in sapien iaculis congue.",
      "package": 21,
      "mfg_date": "2019-08-10",
      "vendor": 21,
      "speed_grade": 21
    }
  }, {
    "model": "[dataEntry.chip]",
    "pk": 22,
    "fields": {
      "pn": "35113",
      "sn": "179",
      "description": "Nunc rhoncus dui vel sem. Sed sagittis. Nam congue, risus semper porta volutpat, quam pede lobortis ligula, sit amet eleifend pede libero quis orci. Nullam molestie nibh in lectus. Pellentesque at nulla.",
      "package": 22,
      "mfg_date": "2019-10-25",
      "vendor": 22,
      "speed_grade": 22
    }
  }, {
    "model": "[dataEntry.chip]",
    "pk": 23,
    "fields": {
      "pn": "2094",
      "sn": "46",
      "description": "Suspendisse ornare consequat lectus. In est risus, auctor sed, tristique in, tempus sit amet, sem. Fusce consequat. Nulla nisl. Nunc nisl. Duis bibendum, felis sed interdum venenatis, turpis enim blandit mi, in porttitor pede justo eu massa. Donec dapibus.",
      "package": 23,
      "mfg_date": "2019-05-29",
      "vendor": 23,
      "speed_grade": 23
    }
  }, {
    "model": "[dataEntry.chip]",
    "pk": 24,
    "fields": {
      "pn": "955",
      "sn": "50",
      "description": "Maecenas pulvinar lobortis est. Phasellus sit amet erat. Nulla tempus. Vivamus in felis eu sapien cursus vestibulum. Proin eu mi. Nulla ac enim. In tempor, turpis nec euismod scelerisque, quam turpis adipiscing lorem, vitae mattis nibh ligula nec sem. Duis aliquam convallis nunc.",
      "package": 24,
      "mfg_date": "2019-12-23",
      "vendor": 24,
      "speed_grade": 24
    }
  }, {
    "model": "[dataEntry.chip]",
    "pk": 25,
    "fields": {
      "pn": "1530",
      "sn": "89336",
      "description": "Duis ac nibh. Fusce lacus purus, aliquet at, feugiat non, pretium quis, lectus. Suspendisse potenti. In eleifend quam a odio. In hac habitasse platea dictumst.",
      "package": 25,
      "mfg_date": "2020-01-24",
      "vendor": 25,
      "speed_grade": 25
    }
  }, {
    "model": "[dataEntry.chip]",
    "pk": 26,
    "fields": {
      "pn": "303",
      "sn": "7622",
      "description": "Curabitur gravida nisi at nibh. In hac habitasse platea dictumst. Aliquam augue quam, sollicitudin vitae, consectetuer eget, rutrum at, lorem. Integer tincidunt ante vel ipsum. Praesent blandit lacinia erat. Vestibulum sed magna at nunc commodo placerat. Praesent blandit. Nam nulla. Integer pede justo, lacinia eget, tincidunt eget, tempus vel, pede. Morbi porttitor lorem id ligula.",
      "package": 26,
      "mfg_date": "2019-08-30",
      "vendor": 26,
      "speed_grade": 26
    }
  }, {
    "model": "[dataEntry.chip]",
    "pk": 27,
    "fields": {
      "pn": "26",
      "sn": "9691",
      "description": "Cras mi pede, malesuada in, imperdiet et, commodo vulputate, justo. In blandit ultrices enim. Lorem ipsum dolor sit amet, consectetuer adipiscing elit.",
      "package": 27,
      "mfg_date": "2019-05-21",
      "vendor": 27,
      "speed_grade": 27
    }
  }, {
    "model": "[dataEntry.chip]",
    "pk": 28,
    "fields": {
      "pn": "82",
      "sn": "3437",
      "description": "Sed vel enim sit amet nunc viverra dapibus. Nulla suscipit ligula in lacus. Curabitur at ipsum ac tellus semper interdum. Mauris ullamcorper purus sit amet nulla.",
      "package": 28,
      "mfg_date": "2019-09-22",
      "vendor": 28,
      "speed_grade": 28
    }
  }, {
    "model": "[dataEntry.chip]",
    "pk": 29,
    "fields": {
      "pn": "2",
      "sn": "59098",
      "description": "Maecenas ut massa quis augue luctus tincidunt. Nulla mollis molestie lorem. Quisque ut erat. Curabitur gravida nisi at nibh. In hac habitasse platea dictumst. Aliquam augue quam, sollicitudin vitae, consectetuer eget, rutrum at, lorem. Integer tincidunt ante vel ipsum. Praesent blandit lacinia erat.",
      "package": 29,
      "mfg_date": "2019-04-05",
      "vendor": 29,
      "speed_grade": 29
    }
  }, {
    "model": "[dataEntry.chip]",
    "pk": 30,
    "fields": {
      "pn": "84",
      "sn": "7678",
      "description": "Maecenas tincidunt lacus at velit. Vivamus vel nulla eget eros elementum pellentesque. Quisque porta volutpat erat. Quisque erat eros, viverra eget, congue eget, semper rutrum, nulla. Nunc purus. Phasellus in felis. Donec semper sapien a libero.",
      "package": 30,
      "mfg_date": "2019-06-01",
      "vendor": 30,
      "speed_grade": 30
    }
  }, {
    "model": "[dataEntry.chip]",
    "pk": 31,
    "fields": {
      "pn": "2195",
      "sn": "7",
      "description": "In congue. Etiam justo. Etiam pretium iaculis justo. In hac habitasse platea dictumst. Etiam faucibus cursus urna. Ut tellus. Nulla ut erat id mauris vulputate elementum. Nullam varius. Nulla facilisi. Cras non velit nec nisi vulputate nonummy.",
      "package": 31,
      "mfg_date": "2020-03-22",
      "vendor": 31,
      "speed_grade": 31
    }
  }, {
    "model": "[dataEntry.chip]",
    "pk": 32,
    "fields": {
      "pn": "7413",
      "sn": "5382",
      "description": "Nullam sit amet turpis elementum ligula vehicula consequat. Morbi a ipsum. Integer a nibh. In quis justo. Maecenas rhoncus aliquam lacus. Morbi quis tortor id nulla ultrices aliquet. Maecenas leo odio, condimentum id, luctus nec, molestie sed, justo.",
      "package": 32,
      "mfg_date": "2019-07-20",
      "vendor": 32,
      "speed_grade": 32
    }
  }, {
    "model": "[dataEntry.chip]",
    "pk": 33,
    "fields": {
      "pn": "8",
      "sn": "03",
      "description": "Maecenas ut massa quis augue luctus tincidunt. Nulla mollis molestie lorem. Quisque ut erat. Curabitur gravida nisi at nibh. In hac habitasse platea dictumst. Aliquam augue quam, sollicitudin vitae, consectetuer eget, rutrum at, lorem. Integer tincidunt ante vel ipsum. Praesent blandit lacinia erat. Vestibulum sed magna at nunc commodo placerat.",
      "package": 33,
      "mfg_date": "2019-04-12",
      "vendor": 33,
      "speed_grade": 33
    }
  }, {
    "model": "[dataEntry.chip]",
    "pk": 34,
    "fields": {
      "pn": "032",
      "sn": "84471",
      "description": "Curabitur in libero ut massa volutpat convallis. Morbi odio odio, elementum eu, interdum eu, tincidunt in, leo. Maecenas pulvinar lobortis est. Phasellus sit amet erat.",
      "package": 34,
      "mfg_date": "2020-03-02",
      "vendor": 34,
      "speed_grade": 34
    }
  }, {
    "model": "[dataEntry.chip]",
    "pk": 35,
    "fields": {
      "pn": "75",
      "sn": "0",
      "description": "Morbi porttitor lorem id ligula.",
      "package": 35,
      "mfg_date": "2020-01-16",
      "vendor": 35,
      "speed_grade": 35
    }
  }, {
    "model": "[dataEntry.chip]",
    "pk": 36,
    "fields": {
      "pn": "79",
      "sn": "58",
      "description": "In blandit ultrices enim. Lorem ipsum dolor sit amet, consectetuer adipiscing elit. Proin interdum mauris non ligula pellentesque ultrices. Phasellus id sapien in sapien iaculis congue. Vivamus metus arcu, adipiscing molestie, hendrerit at, vulputate vitae, nisl. Aenean lectus. Pellentesque eget nunc. Donec quis orci eget orci vehicula condimentum. Curabitur in libero ut massa volutpat convallis. Morbi odio odio, elementum eu, interdum eu, tincidunt in, leo.",
      "package": 36,
      "mfg_date": "2019-09-17",
      "vendor": 36,
      "speed_grade": 36
    }
  }, {
    "model": "[dataEntry.chip]",
    "pk": 37,
    "fields": {
      "pn": "13",
      "sn": "50",
      "description": "Morbi non lectus. Aliquam sit amet diam in magna bibendum imperdiet. Nullam orci pede, venenatis non, sodales sed, tincidunt eu, felis. Fusce posuere felis sed lacus. Morbi sem mauris, laoreet ut, rhoncus aliquet, pulvinar sed, nisl. Nunc rhoncus dui vel sem. Sed sagittis. Nam congue, risus semper porta volutpat, quam pede lobortis ligula, sit amet eleifend pede libero quis orci. Nullam molestie nibh in lectus. Pellentesque at nulla.",
      "package": 37,
      "mfg_date": "2019-07-26",
      "vendor": 37,
      "speed_grade": 37
    }
  }, {
    "model": "[dataEntry.chip]",
    "pk": 38,
    "fields": {
      "pn": "5687",
      "sn": "0",
      "description": "Nunc purus. Phasellus in felis. Donec semper sapien a libero. Nam dui. Proin leo odio, porttitor id, consequat in, consequat ut, nulla. Sed accumsan felis.",
      "package": 38,
      "mfg_date": "2019-11-12",
      "vendor": 38,
      "speed_grade": 38
    }
  }, {
    "model": "[dataEntry.chip]",
    "pk": 39,
    "fields": {
      "pn": "6056",
      "sn": "57164",
      "description": "Curabitur gravida nisi at nibh.",
      "package": 39,
      "mfg_date": "2020-02-19",
      "vendor": 39,
      "speed_grade": 39
    }
  }, {
    "model": "[dataEntry.chip]",
    "pk": 40,
    "fields": {
      "pn": "393",
      "sn": "105",
      "description": "Donec posuere metus vitae ipsum. Aliquam non mauris. Morbi non lectus. Aliquam sit amet diam in magna bibendum imperdiet. Nullam orci pede, venenatis non, sodales sed, tincidunt eu, felis. Fusce posuere felis sed lacus.",
      "package": 40,
      "mfg_date": "2020-02-10",
      "vendor": 40,
      "speed_grade": 40
    }
  }, {
    "model": "[dataEntry.chip]",
    "pk": 41,
    "fields": {
      "pn": "55903",
      "sn": "2119",
      "description": "Vivamus in felis eu sapien cursus vestibulum. Proin eu mi. Nulla ac enim. In tempor, turpis nec euismod scelerisque, quam turpis adipiscing lorem, vitae mattis nibh ligula nec sem. Duis aliquam convallis nunc. Proin at turpis a pede posuere nonummy. Integer non velit.",
      "package": 41,
      "mfg_date": "2019-06-02",
      "vendor": 41,
      "speed_grade": 41
    }
  }, {
    "model": "[dataEntry.chip]",
    "pk": 42,
    "fields": {
      "pn": "2",
      "sn": "6",
      "description": "Vivamus vestibulum sagittis sapien. Cum sociis natoque penatibus et magnis dis parturient montes, nascetur ridiculus mus. Etiam vel augue. Vestibulum rutrum rutrum neque. Aenean auctor gravida sem. Praesent id massa id nisl venenatis lacinia. Aenean sit amet justo. Morbi ut odio.",
      "package": 42,
      "mfg_date": "2020-03-15",
      "vendor": 42,
      "speed_grade": 42
    }
  }, {
    "model": "[dataEntry.chip]",
    "pk": 43,
    "fields": {
      "pn": "283",
      "sn": "591",
      "description": "Curabitur gravida nisi at nibh. In hac habitasse platea dictumst. Aliquam augue quam, sollicitudin vitae, consectetuer eget, rutrum at, lorem. Integer tincidunt ante vel ipsum. Praesent blandit lacinia erat. Vestibulum sed magna at nunc commodo placerat. Praesent blandit. Nam nulla. Integer pede justo, lacinia eget, tincidunt eget, tempus vel, pede.",
      "package": 43,
      "mfg_date": "2019-08-01",
      "vendor": 43,
      "speed_grade": 43
    }
  }, {
    "model": "[dataEntry.chip]",
    "pk": 44,
    "fields": {
      "pn": "2",
      "sn": "8887",
      "description": "Maecenas ut massa quis augue luctus tincidunt. Nulla mollis molestie lorem. Quisque ut erat.",
      "package": 44,
      "mfg_date": "2019-07-01",
      "vendor": 44,
      "speed_grade": 44
    }
  }, {
    "model": "[dataEntry.chip]",
    "pk": 45,
    "fields": {
      "pn": "7",
      "sn": "36",
      "description": "Integer non velit. Donec diam neque, vestibulum eget, vulputate ut, ultrices vel, augue. Vestibulum ante ipsum primis in faucibus orci luctus et ultrices posuere cubilia Curae; Donec pharetra, magna vestibulum aliquet ultrices, erat tortor sollicitudin mi, sit amet lobortis sapien sapien non mi. Integer ac neque. Duis bibendum. Morbi non quam nec dui luctus rutrum.",
      "package": 45,
      "mfg_date": "2019-12-12",
      "vendor": 45,
      "speed_grade": 45
    }
  }, {
    "model": "[dataEntry.chip]",
    "pk": 46,
    "fields": {
      "pn": "73519",
      "sn": "2027",
      "description": "Aliquam sit amet diam in magna bibendum imperdiet. Nullam orci pede, venenatis non, sodales sed, tincidunt eu, felis. Fusce posuere felis sed lacus. Morbi sem mauris, laoreet ut, rhoncus aliquet, pulvinar sed, nisl. Nunc rhoncus dui vel sem. Sed sagittis.",
      "package": 46,
      "mfg_date": "2019-06-10",
      "vendor": 46,
      "speed_grade": 46
    }
  }, {
    "model": "[dataEntry.chip]",
    "pk": 47,
    "fields": {
      "pn": "52443",
      "sn": "000",
      "description": "Integer tincidunt ante vel ipsum. Praesent blandit lacinia erat. Vestibulum sed magna at nunc commodo placerat. Praesent blandit. Nam nulla.",
      "package": 47,
      "mfg_date": "2019-10-25",
      "vendor": 47,
      "speed_grade": 47
    }
  }, {
    "model": "[dataEntry.chip]",
    "pk": 48,
    "fields": {
      "pn": "65179",
      "sn": "95751",
      "description": "Nam dui. Proin leo odio, porttitor id, consequat in, consequat ut, nulla. Sed accumsan felis. Ut at dolor quis odio consequat varius.",
      "package": 48,
      "mfg_date": "2019-06-12",
      "vendor": 48,
      "speed_grade": 48
    }
  }, {
    "model": "[dataEntry.chip]",
    "pk": 49,
    "fields": {
      "pn": "07",
      "sn": "75770",
      "description": "In tempor, turpis nec euismod scelerisque, quam turpis adipiscing lorem, vitae mattis nibh ligula nec sem. Duis aliquam convallis nunc. Proin at turpis a pede posuere nonummy. Integer non velit. Donec diam neque, vestibulum eget, vulputate ut, ultrices vel, augue. Vestibulum ante ipsum primis in faucibus orci luctus et ultrices posuere cubilia Curae; Donec pharetra, magna vestibulum aliquet ultrices, erat tortor sollicitudin mi, sit amet lobortis sapien sapien non mi. Integer ac neque. Duis bibendum.",
      "package": 49,
      "mfg_date": "2019-12-19",
      "vendor": 49,
      "speed_grade": 49
    }
  }, {
    "model": "[dataEntry.chip]",
    "pk": 50,
    "fields": {
      "pn": "82",
      "sn": "370",
      "description": "Vestibulum ante ipsum primis in faucibus orci luctus et ultrices posuere cubilia Curae; Donec pharetra, magna vestibulum aliquet ultrices, erat tortor sollicitudin mi, sit amet lobortis sapien sapien non mi. Integer ac neque. Duis bibendum. Morbi non quam nec dui luctus rutrum. Nulla tellus. In sagittis dui vel nisl. Duis ac nibh.",
      "package": 50,
      "mfg_date": "2019-12-15",
      "vendor": 50,
      "speed_grade": 50
    }
  }, {
    "model": "[dataEntry.chip]",
    "pk": 51,
    "fields": {
      "pn": "229",
      "sn": "79112",
      "description": "Duis mattis egestas metus. Aenean fermentum. Donec ut mauris eget massa tempor convallis. Nulla neque libero, convallis eget, eleifend luctus, ultricies eu, nibh. Quisque id justo sit amet sapien dignissim vestibulum. Vestibulum ante ipsum primis in faucibus orci luctus et ultrices posuere cubilia Curae; Nulla dapibus dolor vel est. Donec odio justo, sollicitudin ut, suscipit a, feugiat et, eros. Vestibulum ac est lacinia nisi venenatis tristique. Fusce congue, diam id ornare imperdiet, sapien urna pretium nisl, ut volutpat sapien arcu sed augue.",
      "package": 51,
      "mfg_date": "2020-03-28",
      "vendor": 51,
      "speed_grade": 51
    }
  }, {
    "model": "[dataEntry.chip]",
    "pk": 52,
    "fields": {
      "pn": "17",
      "sn": "4",
      "description": "Vestibulum quam sapien, varius ut, blandit non, interdum in, ante. Vestibulum ante ipsum primis in faucibus orci luctus et ultrices posuere cubilia Curae; Duis faucibus accumsan odio. Curabitur convallis. Duis consequat dui nec nisi volutpat eleifend.",
      "package": 52,
      "mfg_date": "2019-04-20",
      "vendor": 52,
      "speed_grade": 52
    }
  }, {
    "model": "[dataEntry.chip]",
    "pk": 53,
    "fields": {
      "pn": "71",
      "sn": "258",
      "description": "Nam congue, risus semper porta volutpat, quam pede lobortis ligula, sit amet eleifend pede libero quis orci. Nullam molestie nibh in lectus.",
      "package": 53,
      "mfg_date": "2019-07-08",
      "vendor": 53,
      "speed_grade": 53
    }
  }, {
    "model": "[dataEntry.chip]",
    "pk": 54,
    "fields": {
      "pn": "693",
      "sn": "7543",
      "description": "Praesent blandit. Nam nulla. Integer pede justo, lacinia eget, tincidunt eget, tempus vel, pede. Morbi porttitor lorem id ligula. Suspendisse ornare consequat lectus.",
      "package": 54,
      "mfg_date": "2019-11-24",
      "vendor": 54,
      "speed_grade": 54
    }
  }, {
    "model": "[dataEntry.chip]",
    "pk": 55,
    "fields": {
      "pn": "3",
      "sn": "955",
      "description": "Proin risus. Praesent lectus. Vestibulum quam sapien, varius ut, blandit non, interdum in, ante. Vestibulum ante ipsum primis in faucibus orci luctus et ultrices posuere cubilia Curae; Duis faucibus accumsan odio. Curabitur convallis.",
      "package": 55,
      "mfg_date": "2020-03-04",
      "vendor": 55,
      "speed_grade": 55
    }
  }, {
    "model": "[dataEntry.chip]",
    "pk": 56,
    "fields": {
      "pn": "896",
      "sn": "5691",
      "description": "Nulla ut erat id mauris vulputate elementum. Nullam varius. Nulla facilisi. Cras non velit nec nisi vulputate nonummy. Maecenas tincidunt lacus at velit. Vivamus vel nulla eget eros elementum pellentesque. Quisque porta volutpat erat. Quisque erat eros, viverra eget, congue eget, semper rutrum, nulla. Nunc purus. Phasellus in felis.",
      "package": 56,
      "mfg_date": "2019-09-03",
      "vendor": 56,
      "speed_grade": 56
    }
  }, {
    "model": "[dataEntry.chip]",
    "pk": 57,
    "fields": {
      "pn": "7133",
      "sn": "38720",
      "description": "Integer ac leo. Pellentesque ultrices mattis odio. Donec vitae nisi. Nam ultrices, libero non mattis pulvinar, nulla pede ullamcorper augue, a suscipit nulla elit ac nulla. Sed vel enim sit amet nunc viverra dapibus. Nulla suscipit ligula in lacus. Curabitur at ipsum ac tellus semper interdum.",
      "package": 57,
      "mfg_date": "2020-03-07",
      "vendor": 57,
      "speed_grade": 57
    }
  }, {
    "model": "[dataEntry.chip]",
    "pk": 58,
    "fields": {
      "pn": "3",
      "sn": "67",
      "description": "In est risus, auctor sed, tristique in, tempus sit amet, sem. Fusce consequat. Nulla nisl. Nunc nisl. Duis bibendum, felis sed interdum venenatis, turpis enim blandit mi, in porttitor pede justo eu massa.",
      "package": 58,
      "mfg_date": "2019-07-29",
      "vendor": 58,
      "speed_grade": 58
    }
  }, {
    "model": "[dataEntry.chip]",
    "pk": 59,
    "fields": {
      "pn": "756",
      "sn": "0559",
      "description": "Integer ac leo. Pellentesque ultrices mattis odio. Donec vitae nisi. Nam ultrices, libero non mattis pulvinar, nulla pede ullamcorper augue, a suscipit nulla elit ac nulla. Sed vel enim sit amet nunc viverra dapibus. Nulla suscipit ligula in lacus. Curabitur at ipsum ac tellus semper interdum. Mauris ullamcorper purus sit amet nulla. Quisque arcu libero, rutrum ac, lobortis vel, dapibus at, diam. Nam tristique tortor eu pede.",
      "package": 59,
      "mfg_date": "2019-04-16",
      "vendor": 59,
      "speed_grade": 59
    }
  }, {
    "model": "[dataEntry.chip]",
    "pk": 60,
    "fields": {
      "pn": "8394",
      "sn": "735",
      "description": "Aenean auctor gravida sem. Praesent id massa id nisl venenatis lacinia. Aenean sit amet justo. Morbi ut odio. Cras mi pede, malesuada in, imperdiet et, commodo vulputate, justo. In blandit ultrices enim. Lorem ipsum dolor sit amet, consectetuer adipiscing elit. Proin interdum mauris non ligula pellentesque ultrices. Phasellus id sapien in sapien iaculis congue.",
      "package": 60,
      "mfg_date": "2019-04-30",
      "vendor": 60,
      "speed_grade": 60
    }
  }, {
    "model": "[dataEntry.chip]",
    "pk": 61,
    "fields": {
      "pn": "618",
      "sn": "353",
      "description": "Praesent id massa id nisl venenatis lacinia. Aenean sit amet justo. Morbi ut odio. Cras mi pede, malesuada in, imperdiet et, commodo vulputate, justo. In blandit ultrices enim.",
      "package": 61,
      "mfg_date": "2020-03-25",
      "vendor": 61,
      "speed_grade": 61
    }
  }, {
    "model": "[dataEntry.chip]",
    "pk": 62,
    "fields": {
      "pn": "87326",
      "sn": "992",
      "description": "Cras in purus eu magna vulputate luctus. Cum sociis natoque penatibus et magnis dis parturient montes, nascetur ridiculus mus. Vivamus vestibulum sagittis sapien. Cum sociis natoque penatibus et magnis dis parturient montes, nascetur ridiculus mus. Etiam vel augue. Vestibulum rutrum rutrum neque.",
      "package": 62,
      "mfg_date": "2019-06-19",
      "vendor": 62,
      "speed_grade": 62
    }
  }, {
    "model": "[dataEntry.chip]",
    "pk": 63,
    "fields": {
      "pn": "692",
      "sn": "89",
      "description": "Duis at velit eu est congue elementum. In hac habitasse platea dictumst. Morbi vestibulum, velit id pretium iaculis, diam erat fermentum justo, nec condimentum neque sapien placerat ante. Nulla justo. Aliquam quis turpis eget elit sodales scelerisque. Mauris sit amet eros. Suspendisse accumsan tortor quis turpis. Sed ante. Vivamus tortor.",
      "package": 63,
      "mfg_date": "2019-11-29",
      "vendor": 63,
      "speed_grade": 63
    }
  }, {
    "model": "[dataEntry.chip]",
    "pk": 64,
    "fields": {
      "pn": "8153",
      "sn": "87884",
      "description": "Maecenas leo odio, condimentum id, luctus nec, molestie sed, justo. Pellentesque viverra pede ac diam. Cras pellentesque volutpat dui. Maecenas tristique, est et tempus semper, est quam pharetra magna, ac consequat metus sapien ut nunc. Vestibulum ante ipsum primis in faucibus orci luctus et ultrices posuere cubilia Curae; Mauris viverra diam vitae quam. Suspendisse potenti. Nullam porttitor lacus at turpis. Donec posuere metus vitae ipsum. Aliquam non mauris.",
      "package": 64,
      "mfg_date": "2019-10-03",
      "vendor": 64,
      "speed_grade": 64
    }
  }, {
    "model": "[dataEntry.chip]",
    "pk": 65,
    "fields": {
      "pn": "1",
      "sn": "6973",
      "description": "Nulla neque libero, convallis eget, eleifend luctus, ultricies eu, nibh. Quisque id justo sit amet sapien dignissim vestibulum. Vestibulum ante ipsum primis in faucibus orci luctus et ultrices posuere cubilia Curae; Nulla dapibus dolor vel est. Donec odio justo, sollicitudin ut, suscipit a, feugiat et, eros. Vestibulum ac est lacinia nisi venenatis tristique. Fusce congue, diam id ornare imperdiet, sapien urna pretium nisl, ut volutpat sapien arcu sed augue. Aliquam erat volutpat. In congue. Etiam justo. Etiam pretium iaculis justo.",
      "package": 65,
      "mfg_date": "2019-09-26",
      "vendor": 65,
      "speed_grade": 65
    }
  }, {
    "model": "[dataEntry.chip]",
    "pk": 66,
    "fields": {
      "pn": "26",
      "sn": "98799",
      "description": "Quisque erat eros, viverra eget, congue eget, semper rutrum, nulla. Nunc purus. Phasellus in felis. Donec semper sapien a libero.",
      "package": 66,
      "mfg_date": "2019-04-05",
      "vendor": 66,
      "speed_grade": 66
    }
  }, {
    "model": "[dataEntry.chip]",
    "pk": 67,
    "fields": {
      "pn": "345",
      "sn": "54466",
      "description": "Morbi porttitor lorem id ligula. Suspendisse ornare consequat lectus. In est risus, auctor sed, tristique in, tempus sit amet, sem. Fusce consequat. Nulla nisl. Nunc nisl. Duis bibendum, felis sed interdum venenatis, turpis enim blandit mi, in porttitor pede justo eu massa. Donec dapibus.",
      "package": 67,
      "mfg_date": "2019-04-18",
      "vendor": 67,
      "speed_grade": 67
    }
  }, {
    "model": "[dataEntry.chip]",
    "pk": 68,
    "fields": {
      "pn": "702",
      "sn": "5",
      "description": "Morbi a ipsum. Integer a nibh. In quis justo. Maecenas rhoncus aliquam lacus.",
      "package": 68,
      "mfg_date": "2019-04-24",
      "vendor": 68,
      "speed_grade": 68
    }
  }, {
    "model": "[dataEntry.chip]",
    "pk": 69,
    "fields": {
      "pn": "4060",
      "sn": "883",
      "description": "Integer tincidunt ante vel ipsum. Praesent blandit lacinia erat. Vestibulum sed magna at nunc commodo placerat. Praesent blandit. Nam nulla. Integer pede justo, lacinia eget, tincidunt eget, tempus vel, pede. Morbi porttitor lorem id ligula. Suspendisse ornare consequat lectus. In est risus, auctor sed, tristique in, tempus sit amet, sem.",
      "package": 69,
      "mfg_date": "2019-06-06",
      "vendor": 69,
      "speed_grade": 69
    }
  }, {
    "model": "[dataEntry.chip]",
    "pk": 70,
    "fields": {
      "pn": "9396",
      "sn": "2",
      "description": "Nulla tempus. Vivamus in felis eu sapien cursus vestibulum. Proin eu mi. Nulla ac enim. In tempor, turpis nec euismod scelerisque, quam turpis adipiscing lorem, vitae mattis nibh ligula nec sem. Duis aliquam convallis nunc. Proin at turpis a pede posuere nonummy. Integer non velit. Donec diam neque, vestibulum eget, vulputate ut, ultrices vel, augue. Vestibulum ante ipsum primis in faucibus orci luctus et ultrices posuere cubilia Curae; Donec pharetra, magna vestibulum aliquet ultrices, erat tortor sollicitudin mi, sit amet lobortis sapien sapien non mi.",
      "package": 70,
      "mfg_date": "2019-12-20",
      "vendor": 70,
      "speed_grade": 70
    }
  }, {
    "model": "[dataEntry.chip]",
    "pk": 71,
    "fields": {
      "pn": "675",
      "sn": "8",
      "description": "Nulla facilisi. Cras non velit nec nisi vulputate nonummy. Maecenas tincidunt lacus at velit. Vivamus vel nulla eget eros elementum pellentesque.",
      "package": 71,
      "mfg_date": "2019-07-23",
      "vendor": 71,
      "speed_grade": 71
    }
  }, {
    "model": "[dataEntry.chip]",
    "pk": 72,
    "fields": {
      "pn": "9952",
      "sn": "517",
      "description": "Lorem ipsum dolor sit amet, consectetuer adipiscing elit. Proin interdum mauris non ligula pellentesque ultrices. Phasellus id sapien in sapien iaculis congue. Vivamus metus arcu, adipiscing molestie, hendrerit at, vulputate vitae, nisl. Aenean lectus. Pellentesque eget nunc. Donec quis orci eget orci vehicula condimentum. Curabitur in libero ut massa volutpat convallis. Morbi odio odio, elementum eu, interdum eu, tincidunt in, leo. Maecenas pulvinar lobortis est.",
      "package": 72,
      "mfg_date": "2019-09-18",
      "vendor": 72,
      "speed_grade": 72
    }
  }, {
    "model": "[dataEntry.chip]",
    "pk": 73,
    "fields": {
      "pn": "12790",
      "sn": "5304",
      "description": "Fusce lacus purus, aliquet at, feugiat non, pretium quis, lectus. Suspendisse potenti. In eleifend quam a odio.",
      "package": 73,
      "mfg_date": "2020-03-25",
      "vendor": 73,
      "speed_grade": 73
    }
  }, {
    "model": "[dataEntry.chip]",
    "pk": 74,
    "fields": {
      "pn": "09",
      "sn": "79953",
      "description": "Suspendisse accumsan tortor quis turpis. Sed ante. Vivamus tortor. Duis mattis egestas metus. Aenean fermentum. Donec ut mauris eget massa tempor convallis.",
      "package": 74,
      "mfg_date": "2020-03-02",
      "vendor": 74,
      "speed_grade": 74
    }
  }, {
    "model": "[dataEntry.chip]",
    "pk": 75,
    "fields": {
      "pn": "26433",
      "sn": "2",
      "description": "Nulla ut erat id mauris vulputate elementum. Nullam varius. Nulla facilisi. Cras non velit nec nisi vulputate nonummy.",
      "package": 75,
      "mfg_date": "2020-02-13",
      "vendor": 75,
      "speed_grade": 75
    }
  }, {
    "model": "[dataEntry.chip]",
    "pk": 76,
    "fields": {
      "pn": "39218",
      "sn": "4526",
      "description": "Nunc purus. Phasellus in felis.",
      "package": 76,
      "mfg_date": "2020-01-05",
      "vendor": 76,
      "speed_grade": 76
    }
  }, {
    "model": "[dataEntry.chip]",
    "pk": 77,
    "fields": {
      "pn": "49928",
      "sn": "88",
      "description": "Aenean sit amet justo. Morbi ut odio. Cras mi pede, malesuada in, imperdiet et, commodo vulputate, justo. In blandit ultrices enim. Lorem ipsum dolor sit amet, consectetuer adipiscing elit. Proin interdum mauris non ligula pellentesque ultrices. Phasellus id sapien in sapien iaculis congue.",
      "package": 77,
      "mfg_date": "2019-09-13",
      "vendor": 77,
      "speed_grade": 77
    }
  }, {
    "model": "[dataEntry.chip]",
    "pk": 78,
    "fields": {
      "pn": "1",
      "sn": "94715",
      "description": "In hac habitasse platea dictumst. Maecenas ut massa quis augue luctus tincidunt. Nulla mollis molestie lorem. Quisque ut erat. Curabitur gravida nisi at nibh. In hac habitasse platea dictumst. Aliquam augue quam, sollicitudin vitae, consectetuer eget, rutrum at, lorem. Integer tincidunt ante vel ipsum. Praesent blandit lacinia erat.",
      "package": 78,
      "mfg_date": "2019-12-02",
      "vendor": 78,
      "speed_grade": 78
    }
  }, {
    "model": "[dataEntry.chip]",
    "pk": 79,
    "fields": {
      "pn": "43",
      "sn": "8",
      "description": "Duis bibendum. Morbi non quam nec dui luctus rutrum. Nulla tellus. In sagittis dui vel nisl. Duis ac nibh.",
      "package": 79,
      "mfg_date": "2019-09-24",
      "vendor": 79,
      "speed_grade": 79
    }
  }, {
    "model": "[dataEntry.chip]",
    "pk": 80,
    "fields": {
      "pn": "6",
      "sn": "5308",
      "description": "Vivamus vestibulum sagittis sapien. Cum sociis natoque penatibus et magnis dis parturient montes, nascetur ridiculus mus.",
      "package": 80,
      "mfg_date": "2019-09-09",
      "vendor": 80,
      "speed_grade": 80
    }
  }, {
    "model": "[dataEntry.chip]",
    "pk": 81,
    "fields": {
      "pn": "65641",
      "sn": "673",
      "description": "Vestibulum ac est lacinia nisi venenatis tristique. Fusce congue, diam id ornare imperdiet, sapien urna pretium nisl, ut volutpat sapien arcu sed augue.",
      "package": 81,
      "mfg_date": "2019-05-11",
      "vendor": 81,
      "speed_grade": 81
    }
  }, {
    "model": "[dataEntry.chip]",
    "pk": 82,
    "fields": {
      "pn": "5",
      "sn": "42",
      "description": "Quisque ut erat. Curabitur gravida nisi at nibh. In hac habitasse platea dictumst. Aliquam augue quam, sollicitudin vitae, consectetuer eget, rutrum at, lorem. Integer tincidunt ante vel ipsum. Praesent blandit lacinia erat. Vestibulum sed magna at nunc commodo placerat. Praesent blandit. Nam nulla.",
      "package": 82,
      "mfg_date": "2019-10-19",
      "vendor": 82,
      "speed_grade": 82
    }
  }, {
    "model": "[dataEntry.chip]",
    "pk": 83,
    "fields": {
      "pn": "55",
      "sn": "5",
      "description": "Pellentesque eget nunc. Donec quis orci eget orci vehicula condimentum. Curabitur in libero ut massa volutpat convallis. Morbi odio odio, elementum eu, interdum eu, tincidunt in, leo. Maecenas pulvinar lobortis est.",
      "package": 83,
      "mfg_date": "2020-02-25",
      "vendor": 83,
      "speed_grade": 83
    }
  }, {
    "model": "[dataEntry.chip]",
    "pk": 84,
    "fields": {
      "pn": "2936",
      "sn": "16",
      "description": "In hac habitasse platea dictumst. Maecenas ut massa quis augue luctus tincidunt. Nulla mollis molestie lorem. Quisque ut erat. Curabitur gravida nisi at nibh.",
      "package": 84,
      "mfg_date": "2020-02-01",
      "vendor": 84,
      "speed_grade": 84
    }
  }, {
    "model": "[dataEntry.chip]",
    "pk": 85,
    "fields": {
      "pn": "73",
      "sn": "6",
      "description": "Aliquam non mauris. Morbi non lectus. Aliquam sit amet diam in magna bibendum imperdiet. Nullam orci pede, venenatis non, sodales sed, tincidunt eu, felis. Fusce posuere felis sed lacus. Morbi sem mauris, laoreet ut, rhoncus aliquet, pulvinar sed, nisl. Nunc rhoncus dui vel sem. Sed sagittis. Nam congue, risus semper porta volutpat, quam pede lobortis ligula, sit amet eleifend pede libero quis orci.",
      "package": 85,
      "mfg_date": "2019-04-23",
      "vendor": 85,
      "speed_grade": 85
    }
  }, {
    "model": "[dataEntry.chip]",
    "pk": 86,
    "fields": {
      "pn": "281",
      "sn": "47424",
      "description": "Lorem ipsum dolor sit amet, consectetuer adipiscing elit. Proin risus. Praesent lectus. Vestibulum quam sapien, varius ut, blandit non, interdum in, ante. Vestibulum ante ipsum primis in faucibus orci luctus et ultrices posuere cubilia Curae; Duis faucibus accumsan odio.",
      "package": 86,
      "mfg_date": "2019-12-19",
      "vendor": 86,
      "speed_grade": 86
    }
  }, {
    "model": "[dataEntry.chip]",
    "pk": 87,
    "fields": {
      "pn": "8",
      "sn": "71",
      "description": "Maecenas ut massa quis augue luctus tincidunt. Nulla mollis molestie lorem. Quisque ut erat. Curabitur gravida nisi at nibh.",
      "package": 87,
      "mfg_date": "2020-01-20",
      "vendor": 87,
      "speed_grade": 87
    }
  }, {
    "model": "[dataEntry.chip]",
    "pk": 88,
    "fields": {
      "pn": "2949",
      "sn": "387",
      "description": "Sed vel enim sit amet nunc viverra dapibus. Nulla suscipit ligula in lacus. Curabitur at ipsum ac tellus semper interdum. Mauris ullamcorper purus sit amet nulla. Quisque arcu libero, rutrum ac, lobortis vel, dapibus at, diam. Nam tristique tortor eu pede.",
      "package": 88,
      "mfg_date": "2020-02-03",
      "vendor": 88,
      "speed_grade": 88
    }
  }, {
    "model": "[dataEntry.chip]",
    "pk": 89,
    "fields": {
      "pn": "02468",
      "sn": "242",
      "description": "Integer non velit. Donec diam neque, vestibulum eget, vulputate ut, ultrices vel, augue. Vestibulum ante ipsum primis in faucibus orci luctus et ultrices posuere cubilia Curae; Donec pharetra, magna vestibulum aliquet ultrices, erat tortor sollicitudin mi, sit amet lobortis sapien sapien non mi.",
      "package": 89,
      "mfg_date": "2020-03-03",
      "vendor": 89,
      "speed_grade": 89
    }
  }, {
    "model": "[dataEntry.chip]",
    "pk": 90,
    "fields": {
      "pn": "61",
      "sn": "20535",
      "description": "Donec vitae nisi. Nam ultrices, libero non mattis pulvinar, nulla pede ullamcorper augue, a suscipit nulla elit ac nulla. Sed vel enim sit amet nunc viverra dapibus. Nulla suscipit ligula in lacus. Curabitur at ipsum ac tellus semper interdum. Mauris ullamcorper purus sit amet nulla. Quisque arcu libero, rutrum ac, lobortis vel, dapibus at, diam. Nam tristique tortor eu pede.",
      "package": 90,
      "mfg_date": "2019-07-16",
      "vendor": 90,
      "speed_grade": 90
    }
  }, {
    "model": "[dataEntry.chip]",
    "pk": 91,
    "fields": {
      "pn": "8187",
      "sn": "7",
      "description": "Cum sociis natoque penatibus et magnis dis parturient montes, nascetur ridiculus mus. Vivamus vestibulum sagittis sapien. Cum sociis natoque penatibus et magnis dis parturient montes, nascetur ridiculus mus.",
      "package": 91,
      "mfg_date": "2019-08-24",
      "vendor": 91,
      "speed_grade": 91
    }
  }, {
    "model": "[dataEntry.chip]",
    "pk": 92,
    "fields": {
      "pn": "5",
      "sn": "21",
      "description": "Curabitur in libero ut massa volutpat convallis. Morbi odio odio, elementum eu, interdum eu, tincidunt in, leo. Maecenas pulvinar lobortis est. Phasellus sit amet erat.",
      "package": 92,
      "mfg_date": "2019-10-23",
      "vendor": 92,
      "speed_grade": 92
    }
  }, {
    "model": "[dataEntry.chip]",
    "pk": 93,
    "fields": {
      "pn": "3252",
      "sn": "2879",
      "description": "Nam ultrices, libero non mattis pulvinar, nulla pede ullamcorper augue, a suscipit nulla elit ac nulla. Sed vel enim sit amet nunc viverra dapibus.",
      "package": 93,
      "mfg_date": "2020-03-14",
      "vendor": 93,
      "speed_grade": 93
    }
  }, {
    "model": "[dataEntry.chip]",
    "pk": 94,
    "fields": {
      "pn": "66155",
      "sn": "9979",
      "description": "Curabitur in libero ut massa volutpat convallis. Morbi odio odio, elementum eu, interdum eu, tincidunt in, leo. Maecenas pulvinar lobortis est. Phasellus sit amet erat. Nulla tempus. Vivamus in felis eu sapien cursus vestibulum. Proin eu mi.",
      "package": 94,
      "mfg_date": "2019-05-11",
      "vendor": 94,
      "speed_grade": 94
    }
  }, {
    "model": "[dataEntry.chip]",
    "pk": 95,
    "fields": {
      "pn": "55",
      "sn": "4038",
      "description": "Suspendisse potenti. Nullam porttitor lacus at turpis. Donec posuere metus vitae ipsum. Aliquam non mauris.",
      "package": 95,
      "mfg_date": "2019-06-17",
      "vendor": 95,
      "speed_grade": 95
    }
  }, {
    "model": "[dataEntry.chip]",
    "pk": 96,
    "fields": {
      "pn": "72",
      "sn": "38879",
      "description": "In quis justo. Maecenas rhoncus aliquam lacus. Morbi quis tortor id nulla ultrices aliquet. Maecenas leo odio, condimentum id, luctus nec, molestie sed, justo. Pellentesque viverra pede ac diam. Cras pellentesque volutpat dui. Maecenas tristique, est et tempus semper, est quam pharetra magna, ac consequat metus sapien ut nunc.",
      "package": 96,
      "mfg_date": "2020-01-11",
      "vendor": 96,
      "speed_grade": 96
    }
  }, {
    "model": "[dataEntry.chip]",
    "pk": 97,
    "fields": {
      "pn": "1947",
      "sn": "24722",
      "description": "Donec ut dolor. Morbi vel lectus in quam fringilla rhoncus. Mauris enim leo, rhoncus sed, vestibulum sit amet, cursus id, turpis.",
      "package": 97,
      "mfg_date": "2019-09-08",
      "vendor": 97,
      "speed_grade": 97
    }
  }, {
    "model": "[dataEntry.chip]",
    "pk": 98,
    "fields": {
      "pn": "83299",
      "sn": "88",
      "description": "Vivamus vestibulum sagittis sapien. Cum sociis natoque penatibus et magnis dis parturient montes, nascetur ridiculus mus.",
      "package": 98,
      "mfg_date": "2019-07-02",
      "vendor": 98,
      "speed_grade": 98
    }
  }, {
    "model": "[dataEntry.chip]",
    "pk": 99,
    "fields": {
      "pn": "701",
      "sn": "4",
      "description": "Integer a nibh. In quis justo. Maecenas rhoncus aliquam lacus. Morbi quis tortor id nulla ultrices aliquet. Maecenas leo odio, condimentum id, luctus nec, molestie sed, justo. Pellentesque viverra pede ac diam. Cras pellentesque volutpat dui. Maecenas tristique, est et tempus semper, est quam pharetra magna, ac consequat metus sapien ut nunc. Vestibulum ante ipsum primis in faucibus orci luctus et ultrices posuere cubilia Curae; Mauris viverra diam vitae quam. Suspendisse potenti.",
      "package": 99,
      "mfg_date": "2019-10-23",
      "vendor": 99,
      "speed_grade": 99
    }
  }, {
    "model": "[dataEntry.chip]",
    "pk": 100,
    "fields": {
      "pn": "8708",
      "sn": "24",
      "description": "In quis justo. Maecenas rhoncus aliquam lacus.",
      "package": 100,
      "mfg_date": "2019-10-19",
      "vendor": 100,
      "speed_grade": 100
    }
  }]