[{
    "model": "dataEntry.configuration",
    "pk": 1,
    "fields": {
      "name": "Broadleaf Bamboo"
    }
  }, {
    "model": "dataEntry.configuration",
    "pk": 2,
    "fields": {
      "name": "Script Lichen"
    }
  }, {
    "model": "dataEntry.configuration",
    "pk": 3,
    "fields": {
      "name": "Florida Lady's Tresses"
    }
  }, {
    "model": "dataEntry.configuration",
    "pk": 4,
    "fields": {
      "name": "Climbing False Buckwheat"
    }
  }, {
    "model": "dataEntry.configuration",
    "pk": 5,
    "fields": {
      "name": "Rocky Mountain Fescue"
    }
  }, {
    "model": "dataEntry.configuration",
    "pk": 6,
    "fields": {
      "name": "Zion Goldenbush"
    }
  }, {
    "model": "dataEntry.configuration",
    "pk": 7,
    "fields": {
      "name": "Tonka Bean"
    }
  }, {
    "model": "dataEntry.configuration",
    "pk": 8,
    "fields": {
      "name": "Pinewoods Cryptantha"
    }
  }, {
    "model": "dataEntry.configuration",
    "pk": 9,
    "fields": {
      "name": "Dense Crowngrass"
    }
  }, {
    "model": "dataEntry.configuration",
    "pk": 10,
    "fields": {
      "name": "Low Silverbush"
    }
  }, {
    "model": "dataEntry.configuration",
    "pk": 11,
    "fields": {
      "name": "Dwarf Crested Iris"
    }
  }, {
    "model": "dataEntry.configuration",
    "pk": 12,
    "fields": {
      "name": "Grimmia Dry Rock Moss"
    }
  }, {
    "model": "dataEntry.configuration",
    "pk": 13,
    "fields": {
      "name": "Changing Fleabane"
    }
  }, {
    "model": "dataEntry.configuration",
    "pk": 14,
    "fields": {
      "name": "Disc Lichen"
    }
  }, {
    "model": "dataEntry.configuration",
    "pk": 15,
    "fields": {
      "name": "Douglas' Silverpuffs"
    }
  }, {
    "model": "dataEntry.configuration",
    "pk": 16,
    "fields": {
      "name": "Fall Panicgrass"
    }
  }, {
    "model": "dataEntry.configuration",
    "pk": 17,
    "fields": {
      "name": "Common Boneset"
    }
  }, {
    "model": "dataEntry.configuration",
    "pk": 18,
    "fields": {
      "name": "American Spurred Gentian"
    }
  }, {
    "model": "dataEntry.configuration",
    "pk": 19,
    "fields": {
      "name": "Narrowleaf Goldenaster"
    }
  }, {
    "model": "dataEntry.configuration",
    "pk": 20,
    "fields": {
      "name": "Creeping Phlox"
    }
  }, {
    "model": "dataEntry.configuration",
    "pk": 21,
    "fields": {
      "name": "Annual Nehe"
    }
  }, {
    "model": "dataEntry.configuration",
    "pk": 22,
    "fields": {
      "name": "Hawai'i Peperomia"
    }
  }, {
    "model": "dataEntry.configuration",
    "pk": 23,
    "fields": {
      "name": "Bradley's Spleenwort"
    }
  }, {
    "model": "dataEntry.configuration",
    "pk": 24,
    "fields": {
      "name": "Corkyfruit Waterdropwort"
    }
  }, {
    "model": "dataEntry.configuration",
    "pk": 25,
    "fields": {
      "name": "Andrews' Clover"
    }
  }, {
    "model": "dataEntry.configuration",
    "pk": 26,
    "fields": {
      "name": "Spidergrass"
    }
  }, {
    "model": "dataEntry.configuration",
    "pk": 27,
    "fields": {
      "name": "Norwegian Ragged Lichen"
    }
  }, {
    "model": "dataEntry.configuration",
    "pk": 28,
    "fields": {
      "name": "Diamondleaf Fogfruit"
    }
  }, {
    "model": "dataEntry.configuration",
    "pk": 29,
    "fields": {
      "name": "Heartleaf Saxifrage"
    }
  }, {
    "model": "dataEntry.configuration",
    "pk": 30,
    "fields": {
      "name": "Orange Wattle"
    }
  }, {
    "model": "dataEntry.configuration",
    "pk": 31,
    "fields": {
      "name": "Cusick's Bluegrass"
    }
  }, {
    "model": "dataEntry.configuration",
    "pk": 32,
    "fields": {
      "name": "Karanda"
    }
  }, {
    "model": "dataEntry.configuration",
    "pk": 33,
    "fields": {
      "name": "Pink Azalea"
    }
  }, {
    "model": "dataEntry.configuration",
    "pk": 34,
    "fields": {
      "name": "Desert Palafox"
    }
  }, {
    "model": "dataEntry.configuration",
    "pk": 35,
    "fields": {
      "name": "Field Pumpkin"
    }
  }, {
    "model": "dataEntry.configuration",
    "pk": 36,
    "fields": {
      "name": "Bullatina Lichen"
    }
  }, {
    "model": "dataEntry.configuration",
    "pk": 37,
    "fields": {
      "name": "Missouri Foxtail Cactus"
    }
  }, {
    "model": "dataEntry.configuration",
    "pk": 38,
    "fields": {
      "name": "Yam"
    }
  }, {
    "model": "dataEntry.configuration",
    "pk": 39,
    "fields": {
      "name": "Angelica"
    }
  }, {
    "model": "dataEntry.configuration",
    "pk": 40,
    "fields": {
      "name": "Joor Oak"
    }
  }, {
    "model": "dataEntry.configuration",
    "pk": 41,
    "fields": {
      "name": "Threelobe Oxytheca"
    }
  }, {
    "model": "dataEntry.configuration",
    "pk": 42,
    "fields": {
      "name": "Buffelgrass"
    }
  }, {
    "model": "dataEntry.configuration",
    "pk": 43,
    "fields": {
      "name": "Lilyturf"
    }
  }, {
    "model": "dataEntry.configuration",
    "pk": 44,
    "fields": {
      "name": "Pore Lichen"
    }
  }, {
    "model": "dataEntry.configuration",
    "pk": 45,
    "fields": {
      "name": "Merrill's Rim Lichen"
    }
  }, {
    "model": "dataEntry.configuration",
    "pk": 46,
    "fields": {
      "name": "Alpine Currant"
    }
  }, {
    "model": "dataEntry.configuration",
    "pk": 47,
    "fields": {
      "name": "Spidergrass"
    }
  }, {
    "model": "dataEntry.configuration",
    "pk": 48,
    "fields": {
      "name": "Lentil"
    }
  }, {
    "model": "dataEntry.configuration",
    "pk": 49,
    "fields": {
      "name": "Bluntlobe Lupine"
    }
  }, {
    "model": "dataEntry.configuration",
    "pk": 50,
    "fields": {
      "name": "Lehmann Lovegrass"
    }
  }, {
    "model": "dataEntry.configuration",
    "pk": 51,
    "fields": {
      "name": "Mimusops"
    }
  }, {
    "model": "dataEntry.configuration",
    "pk": 52,
    "fields": {
      "name": "Tidalmarsh Flatsedge"
    }
  }, {
    "model": "dataEntry.configuration",
    "pk": 53,
    "fields": {
      "name": "Streambank Wild Hollyhock"
    }
  }, {
    "model": "dataEntry.configuration",
    "pk": 54,
    "fields": {
      "name": "Transmontane Gilia"
    }
  }, {
    "model": "dataEntry.configuration",
    "pk": 55,
    "fields": {
      "name": "Fiddleleaf Hawksbeard"
    }
  }, {
    "model": "dataEntry.configuration",
    "pk": 56,
    "fields": {
      "name": "Arizona Baccharis"
    }
  }, {
    "model": "dataEntry.configuration",
    "pk": 57,
    "fields": {
      "name": "Mountain Goldenbanner"
    }
  }, {
    "model": "dataEntry.configuration",
    "pk": 58,
    "fields": {
      "name": "Scrobic"
    }
  }, {
    "model": "dataEntry.configuration",
    "pk": 59,
    "fields": {
      "name": "Largeflower Yellow False Foxglove"
    }
  }, {
    "model": "dataEntry.configuration",
    "pk": 60,
    "fields": {
      "name": "Aster"
    }
  }, {
    "model": "dataEntry.configuration",
    "pk": 61,
    "fields": {
      "name": "Common Mallow"
    }
  }, {
    "model": "dataEntry.configuration",
    "pk": 62,
    "fields": {
      "name": "Buck-horn Cholla"
    }
  }, {
    "model": "dataEntry.configuration",
    "pk": 63,
    "fields": {
      "name": "Fineleaf Hymenopappus"
    }
  }, {
    "model": "dataEntry.configuration",
    "pk": 64,
    "fields": {
      "name": "Thickleaf Yerba Santa"
    }
  }, {
    "model": "dataEntry.configuration",
    "pk": 65,
    "fields": {
      "name": "Rhodesian Copalwood"
    }
  }, {
    "model": "dataEntry.configuration",
    "pk": 66,
    "fields": {
      "name": "Oahu Melicope"
    }
  }, {
    "model": "dataEntry.configuration",
    "pk": 67,
    "fields": {
      "name": "Phaeorrhiza Lichen"
    }
  }, {
    "model": "dataEntry.configuration",
    "pk": 68,
    "fields": {
      "name": "Pride Of Big Pine"
    }
  }, {
    "model": "dataEntry.configuration",
    "pk": 69,
    "fields": {
      "name": "Sulphur-flower Buckwheat"
    }
  }, {
    "model": "dataEntry.configuration",
    "pk": 70,
    "fields": {
      "name": "Eastern Featherbells"
    }
  }, {
    "model": "dataEntry.configuration",
    "pk": 71,
    "fields": {
      "name": "Brachythecium Moss"
    }
  }, {
    "model": "dataEntry.configuration",
    "pk": 72,
    "fields": {
      "name": "Umbel Clerodendrum"
    }
  }, {
    "model": "dataEntry.configuration",
    "pk": 73,
    "fields": {
      "name": "Beard Lichen"
    }
  }, {
    "model": "dataEntry.configuration",
    "pk": 74,
    "fields": {
      "name": "Swamp Paperbark"
    }
  }, {
    "model": "dataEntry.configuration",
    "pk": 75,
    "fields": {
      "name": "Bluntleaf Spikemoss"
    }
  }, {
    "model": "dataEntry.configuration",
    "pk": 76,
    "fields": {
      "name": "Bracted Blazing Star"
    }
  }, {
    "model": "dataEntry.configuration",
    "pk": 77,
    "fields": {
      "name": "Hinahina"
    }
  }, {
    "model": "dataEntry.configuration",
    "pk": 78,
    "fields": {
      "name": "Indian Knob Mountainbalm"
    }
  }, {
    "model": "dataEntry.configuration",
    "pk": 79,
    "fields": {
      "name": "Lost River Draba"
    }
  }, {
    "model": "dataEntry.configuration",
    "pk": 80,
    "fields": {
      "name": "Washington Cracked Lichen"
    }
  }, {
    "model": "dataEntry.configuration",
    "pk": 81,
    "fields": {
      "name": "Willmott's Rose"
    }
  }, {
    "model": "dataEntry.configuration",
    "pk": 82,
    "fields": {
      "name": "Rio Inabon Maiden Fern"
    }
  }, {
    "model": "dataEntry.configuration",
    "pk": 83,
    "fields": {
      "name": "Cindercone Isodendrion"
    }
  }, {
    "model": "dataEntry.configuration",
    "pk": 84,
    "fields": {
      "name": "Autumn Coralroot"
    }
  }, {
    "model": "dataEntry.configuration",
    "pk": 85,
    "fields": {
      "name": "Western Fumitory"
    }
  }, {
    "model": "dataEntry.configuration",
    "pk": 86,
    "fields": {
      "name": "Shortawn Foxtail"
    }
  }, {
    "model": "dataEntry.configuration",
    "pk": 87,
    "fields": {
      "name": "Wasatch Bluegrass"
    }
  }, {
    "model": "dataEntry.configuration",
    "pk": 88,
    "fields": {
      "name": "Little Sweet Betsy"
    }
  }, {
    "model": "dataEntry.configuration",
    "pk": 89,
    "fields": {
      "name": "Bigleaf Magnolia"
    }
  }, {
    "model": "dataEntry.configuration",
    "pk": 90,
    "fields": {
      "name": "Mt. Hamilton Thistle"
    }
  }, {
    "model": "dataEntry.configuration",
    "pk": 91,
    "fields": {
      "name": "Plummer's Mariposa Lily"
    }
  }, {
    "model": "dataEntry.configuration",
    "pk": 92,
    "fields": {
      "name": "Rim Lichen"
    }
  }, {
    "model": "dataEntry.configuration",
    "pk": 93,
    "fields": {
      "name": "Largeleaf Thoroughwort"
    }
  }, {
    "model": "dataEntry.configuration",
    "pk": 94,
    "fields": {
      "name": "Celandine"
    }
  }, {
    "model": "dataEntry.configuration",
    "pk": 95,
    "fields": {
      "name": "Puerto Rico Alfilerillo"
    }
  }, {
    "model": "dataEntry.configuration",
    "pk": 96,
    "fields": {
      "name": "Horned Pondweed"
    }
  }, {
    "model": "dataEntry.configuration",
    "pk": 97,
    "fields": {
      "name": "Lemon-flower Gum"
    }
  }, {
    "model": "dataEntry.configuration",
    "pk": 98,
    "fields": {
      "name": "Cyclodictyon Moss"
    }
  }, {
    "model": "dataEntry.configuration",
    "pk": 99,
    "fields": {
      "name": "Grampians Gum"
    }
  }, {
    "model": "dataEntry.configuration",
    "pk": 100,
    "fields": {
      "name": "Fall Tansyaster"
    }
  }]