[
    {
        "model": "dataEntry.formfactor",
        "pk": 1,
        "fields": {
          "name": "Tampflex"
        }
      }, {
        "model": "dataEntry.formfactor",
        "pk": 2,
        "fields": {
          "name": "Bitchip"
        }
      }, {
        "model": "dataEntry.formfactor",
        "pk": 3,
        "fields": {
          "name": "Stringtough"
        }
      }, {
        "model": "dataEntry.formfactor",
        "pk": 4,
        "fields": {
          "name": "Y-Solowarm"
        }
      }, {
        "model": "dataEntry.formfactor",
        "pk": 5,
        "fields": {
          "name": "Mat Lam Tam"
        }
      }, {
        "model": "dataEntry.formfactor",
        "pk": 6,
        "fields": {
          "name": "Kanlam"
        }
      }, {
        "model": "dataEntry.formfactor",
        "pk": 7,
        "fields": {
          "name": "Latlux"
        }
      }, {
        "model": "dataEntry.formfactor",
        "pk": 8,
        "fields": {
          "name": "Alphazap"
        }
      }, {
        "model": "dataEntry.formfactor",
        "pk": 9,
        "fields": {
          "name": "Hatity"
        }
      }, {
        "model": "dataEntry.formfactor",
        "pk": 10,
        "fields": {
          "name": "Wrapsafe"
        }
      }, {
        "model": "dataEntry.formfactor",
        "pk": 11,
        "fields": {
          "name": "Redhold"
        }
      }, {
        "model": "dataEntry.formfactor",
        "pk": 12,
        "fields": {
          "name": "Zathin"
        }
      }, {
        "model": "dataEntry.formfactor",
        "pk": 13,
        "fields": {
          "name": "Rank"
        }
      }, {
        "model": "dataEntry.formfactor",
        "pk": 14,
        "fields": {
          "name": "Bytecard"
        }
      }, {
        "model": "dataEntry.formfactor",
        "pk": 15,
        "fields": {
          "name": "Transcof"
        }
      }, {
        "model": "dataEntry.formfactor",
        "pk": 16,
        "fields": {
          "name": "Temp"
        }
      }, {
        "model": "dataEntry.formfactor",
        "pk": 17,
        "fields": {
          "name": "Temp"
        }
      }, {
        "model": "dataEntry.formfactor",
        "pk": 18,
        "fields": {
          "name": "Flowdesk"
        }
      }, {
        "model": "dataEntry.formfactor",
        "pk": 19,
        "fields": {
          "name": "Quo Lux"
        }
      }, {
        "model": "dataEntry.formfactor",
        "pk": 20,
        "fields": {
          "name": "Bitwolf"
        }
      }, {
        "model": "dataEntry.formfactor",
        "pk": 21,
        "fields": {
          "name": "Bamity"
        }
      }, {
        "model": "dataEntry.formfactor",
        "pk": 22,
        "fields": {
          "name": "Greenlam"
        }
      }, {
        "model": "dataEntry.formfactor",
        "pk": 23,
        "fields": {
          "name": "Pannier"
        }
      }, {
        "model": "dataEntry.formfactor",
        "pk": 24,
        "fields": {
          "name": "Bamity"
        }
      }, {
        "model": "dataEntry.formfactor",
        "pk": 25,
        "fields": {
          "name": "Tempsoft"
        }
      }
]