[
    {
        "model": "dataEntry.package",
        "pk": 1,
        "fields": {
          "name": "Overhold"
        }
      }, {
        "model": "dataEntry.package",
        "pk": 2,
        "fields": {
          "name": "Treeflex"
        }
      }, {
        "model": "dataEntry.package",
        "pk": 3,
        "fields": {
          "name": "Domainer"
        }
      }, {
        "model": "dataEntry.package",
        "pk": 4,
        "fields": {
          "name": "Fintone"
        }
      }, {
        "model": "dataEntry.package",
        "pk": 5,
        "fields": {
          "name": "Namfix"
        }
      }, {
        "model": "dataEntry.package",
        "pk": 6,
        "fields": {
          "name": "Quo Lux"
        }
      }, {
        "model": "dataEntry.package",
        "pk": 7,
        "fields": {
          "name": "Flexidy"
        }
      }, {
        "model": "dataEntry.package",
        "pk": 8,
        "fields": {
          "name": "Rank"
        }
      }, {
        "model": "dataEntry.package",
        "pk": 9,
        "fields": {
          "name": "Viva"
        }
      }, {
        "model": "dataEntry.package",
        "pk": 10,
        "fields": {
          "name": "Andalax"
        }
      }, {
        "model": "dataEntry.package",
        "pk": 11,
        "fields": {
          "name": "Daltfresh"
        }
      }, {
        "model": "dataEntry.package",
        "pk": 12,
        "fields": {
          "name": "Zamit"
        }
      }, {
        "model": "dataEntry.package",
        "pk": 13,
        "fields": {
          "name": "Treeflex"
        }
      }, {
        "model": "dataEntry.package",
        "pk": 14,
        "fields": {
          "name": "Toughjoyfax"
        }
      }, {
        "model": "dataEntry.package",
        "pk": 15,
        "fields": {
          "name": "Lotstring"
        }
      }, {
        "model": "dataEntry.package",
        "pk": 16,
        "fields": {
          "name": "Domainer"
        }
      }, {
        "model": "dataEntry.package",
        "pk": 17,
        "fields": {
          "name": "Job"
        }
      }, {
        "model": "dataEntry.package",
        "pk": 18,
        "fields": {
          "name": "Rank"
        }
      }, {
        "model": "dataEntry.package",
        "pk": 19,
        "fields": {
          "name": "Vagram"
        }
      }, {
        "model": "dataEntry.package",
        "pk": 20,
        "fields": {
          "name": "Sonsing"
        }
      }, {
        "model": "dataEntry.package",
        "pk": 21,
        "fields": {
          "name": "Temp"
        }
      }, {
        "model": "dataEntry.package",
        "pk": 22,
        "fields": {
          "name": "Hatity"
        }
      }, {
        "model": "dataEntry.package",
        "pk": 23,
        "fields": {
          "name": "Cookley"
        }
      }, {
        "model": "dataEntry.package",
        "pk": 24,
        "fields": {
          "name": "Home Ing"
        }
      }, {
        "model": "dataEntry.package",
        "pk": 25,
        "fields": {
          "name": "Stronghold"
        }
      }, {
        "model": "dataEntry.package",
        "pk": 26,
        "fields": {
          "name": "Rank"
        }
      }, {
        "model": "dataEntry.package",
        "pk": 27,
        "fields": {
          "name": "Holdlamis"
        }
      }, {
        "model": "dataEntry.package",
        "pk": 28,
        "fields": {
          "name": "Ventosanzap"
        }
      }, {
        "model": "dataEntry.package",
        "pk": 29,
        "fields": {
          "name": "Cardguard"
        }
      }, {
        "model": "dataEntry.package",
        "pk": 30,
        "fields": {
          "name": "Zaam-Dox"
        }
      }, {
        "model": "dataEntry.package",
        "pk": 31,
        "fields": {
          "name": "Gembucket"
        }
      }, {
        "model": "dataEntry.package",
        "pk": 32,
        "fields": {
          "name": "Toughjoyfax"
        }
      }, {
        "model": "dataEntry.package",
        "pk": 33,
        "fields": {
          "name": "Tresom"
        }
      }, {
        "model": "dataEntry.package",
        "pk": 34,
        "fields": {
          "name": "Konklab"
        }
      }, {
        "model": "dataEntry.package",
        "pk": 35,
        "fields": {
          "name": "Aerified"
        }
      }, {
        "model": "dataEntry.package",
        "pk": 36,
        "fields": {
          "name": "Voyatouch"
        }
      }, {
        "model": "dataEntry.package",
        "pk": 37,
        "fields": {
          "name": "Rank"
        }
      }, {
        "model": "dataEntry.package",
        "pk": 38,
        "fields": {
          "name": "Quo Lux"
        }
      }, {
        "model": "dataEntry.package",
        "pk": 39,
        "fields": {
          "name": "Daltfresh"
        }
      }, {
        "model": "dataEntry.package",
        "pk": 40,
        "fields": {
          "name": "Rank"
        }
      }, {
        "model": "dataEntry.package",
        "pk": 41,
        "fields": {
          "name": "Daltfresh"
        }
      }, {
        "model": "dataEntry.package",
        "pk": 42,
        "fields": {
          "name": "Hatity"
        }
      }, {
        "model": "dataEntry.package",
        "pk": 43,
        "fields": {
          "name": "Otcom"
        }
      }, {
        "model": "dataEntry.package",
        "pk": 44,
        "fields": {
          "name": "Opela"
        }
      }, {
        "model": "dataEntry.package",
        "pk": 45,
        "fields": {
          "name": "Zamit"
        }
      }, {
        "model": "dataEntry.package",
        "pk": 46,
        "fields": {
          "name": "Tempsoft"
        }
      }, {
        "model": "dataEntry.package",
        "pk": 47,
        "fields": {
          "name": "Redhold"
        }
      }, {
        "model": "dataEntry.package",
        "pk": 48,
        "fields": {
          "name": "Mat Lam Tam"
        }
      }, {
        "model": "dataEntry.package",
        "pk": 49,
        "fields": {
          "name": "Konklab"
        }
      }, {
        "model": "dataEntry.package",
        "pk": 50,
        "fields": {
          "name": "Fix San"
        }
      }
]