[{
    "model": "[dataEntry.system]",
    "pk": 1,
    "fields": {
      "pn": "2",
      "sn": "6",
      "boards": "7581309916",
      "description": "Aenean lectus. Pellentesque eget nunc. Donec quis orci eget orci vehicula condimentum. Curabitur in libero ut massa volutpat convallis. Morbi odio odio, elementum eu, interdum eu, tincidunt in, leo. Maecenas pulvinar lobortis est. Phasellus sit amet erat. Nulla tempus.",
      "package": 1,
      "certification": 1,
      "assigned_to": "3930542404",
      "formfactor": 1,
      "mfg_date": "2020-01-31",
      "vendor": 1,
      "mac_address": "9258028589",
      "configuration": 1,
      "service_log": "Aenean lectus."
    }
  }, {
    "model": "[dataEntry.system]",
    "pk": 2,
    "fields": {
      "pn": "62611",
      "sn": "0",
      "boards": "7669318058",
      "description": "Aenean lectus. Pellentesque eget nunc. Donec quis orci eget orci vehicula condimentum. Curabitur in libero ut massa volutpat convallis. Morbi odio odio, elementum eu, interdum eu, tincidunt in, leo. Maecenas pulvinar lobortis est.",
      "package": 2,
      "certification": 2,
      "assigned_to": "6599913806",
      "formfactor": 2,
      "mfg_date": "2019-04-26",
      "vendor": 2,
      "mac_address": "0480640335",
      "configuration": 2,
      "service_log": "Fusce congue, diam id ornare imperdiet, sapien urna pretium nisl, ut volutpat sapien arcu sed augue. Aliquam erat volutpat. In congue. Etiam justo. Etiam pretium iaculis justo. In hac habitasse platea dictumst. Etiam faucibus cursus urna. Ut tellus. Nulla ut erat id mauris vulputate elementum."
    }
  }, {
    "model": "[dataEntry.system]",
    "pk": 3,
    "fields": {
      "pn": "0",
      "sn": "07",
      "boards": "4698535182",
      "description": "Morbi ut odio. Cras mi pede, malesuada in, imperdiet et, commodo vulputate, justo. In blandit ultrices enim.",
      "package": 3,
      "certification": 3,
      "assigned_to": "1848364342",
      "formfactor": 3,
      "mfg_date": "2019-10-22",
      "vendor": 3,
      "mac_address": "0170528510",
      "configuration": 3,
      "service_log": "Pellentesque eget nunc. Donec quis orci eget orci vehicula condimentum. Curabitur in libero ut massa volutpat convallis. Morbi odio odio, elementum eu, interdum eu, tincidunt in, leo."
    }
  }, {
    "model": "[dataEntry.system]",
    "pk": 4,
    "fields": {
      "pn": "9303",
      "sn": "0",
      "boards": "5240968845",
      "description": "Donec odio justo, sollicitudin ut, suscipit a, feugiat et, eros. Vestibulum ac est lacinia nisi venenatis tristique. Fusce congue, diam id ornare imperdiet, sapien urna pretium nisl, ut volutpat sapien arcu sed augue. Aliquam erat volutpat. In congue. Etiam justo. Etiam pretium iaculis justo. In hac habitasse platea dictumst. Etiam faucibus cursus urna.",
      "package": 4,
      "certification": 4,
      "assigned_to": "1915125073",
      "formfactor": 4,
      "mfg_date": "2020-01-14",
      "vendor": 4,
      "mac_address": "6245880742",
      "configuration": 4,
      "service_log": "Cras mi pede, malesuada in, imperdiet et, commodo vulputate, justo. In blandit ultrices enim."
    }
  }, {
    "model": "[dataEntry.system]",
    "pk": 5,
    "fields": {
      "pn": "99350",
      "sn": "230",
      "boards": "1257447874",
      "description": "Integer non velit. Donec diam neque, vestibulum eget, vulputate ut, ultrices vel, augue.",
      "package": 5,
      "certification": 5,
      "assigned_to": "9275992339",
      "formfactor": 5,
      "mfg_date": "2019-09-19",
      "vendor": 5,
      "mac_address": "9455172666",
      "configuration": 5,
      "service_log": "Aenean auctor gravida sem. Praesent id massa id nisl venenatis lacinia. Aenean sit amet justo. Morbi ut odio. Cras mi pede, malesuada in, imperdiet et, commodo vulputate, justo. In blandit ultrices enim. Lorem ipsum dolor sit amet, consectetuer adipiscing elit. Proin interdum mauris non ligula pellentesque ultrices. Phasellus id sapien in sapien iaculis congue. Vivamus metus arcu, adipiscing molestie, hendrerit at, vulputate vitae, nisl."
    }
  }, {
    "model": "[dataEntry.system]",
    "pk": 6,
    "fields": {
      "pn": "9",
      "sn": "50",
      "boards": "6576671164",
      "description": "Donec posuere metus vitae ipsum.",
      "package": 6,
      "certification": 6,
      "assigned_to": "6675459287",
      "formfactor": 6,
      "mfg_date": "2020-03-11",
      "vendor": 6,
      "mac_address": "1863162127",
      "configuration": 6,
      "service_log": "Fusce congue, diam id ornare imperdiet, sapien urna pretium nisl, ut volutpat sapien arcu sed augue. Aliquam erat volutpat. In congue. Etiam justo. Etiam pretium iaculis justo. In hac habitasse platea dictumst. Etiam faucibus cursus urna."
    }
  }, {
    "model": "[dataEntry.system]",
    "pk": 7,
    "fields": {
      "pn": "4",
      "sn": "9634",
      "boards": "1060538903",
      "description": "Vestibulum ante ipsum primis in faucibus orci luctus et ultrices posuere cubilia Curae; Donec pharetra, magna vestibulum aliquet ultrices, erat tortor sollicitudin mi, sit amet lobortis sapien sapien non mi. Integer ac neque. Duis bibendum. Morbi non quam nec dui luctus rutrum. Nulla tellus. In sagittis dui vel nisl. Duis ac nibh. Fusce lacus purus, aliquet at, feugiat non, pretium quis, lectus.",
      "package": 7,
      "certification": 7,
      "assigned_to": "4658002124",
      "formfactor": 7,
      "mfg_date": "2019-11-11",
      "vendor": 7,
      "mac_address": "0286782855",
      "configuration": 7,
      "service_log": "Donec ut dolor."
    }
  }, {
    "model": "[dataEntry.system]",
    "pk": 8,
    "fields": {
      "pn": "363",
      "sn": "76683",
      "boards": "2981057278",
      "description": "Donec diam neque, vestibulum eget, vulputate ut, ultrices vel, augue. Vestibulum ante ipsum primis in faucibus orci luctus et ultrices posuere cubilia Curae; Donec pharetra, magna vestibulum aliquet ultrices, erat tortor sollicitudin mi, sit amet lobortis sapien sapien non mi. Integer ac neque. Duis bibendum. Morbi non quam nec dui luctus rutrum. Nulla tellus. In sagittis dui vel nisl. Duis ac nibh. Fusce lacus purus, aliquet at, feugiat non, pretium quis, lectus.",
      "package": 8,
      "certification": 8,
      "assigned_to": "2616450461",
      "formfactor": 8,
      "mfg_date": "2019-04-25",
      "vendor": 8,
      "mac_address": "7797922179",
      "configuration": 8,
      "service_log": "Quisque erat eros, viverra eget, congue eget, semper rutrum, nulla. Nunc purus. Phasellus in felis. Donec semper sapien a libero. Nam dui. Proin leo odio, porttitor id, consequat in, consequat ut, nulla. Sed accumsan felis."
    }
  }, {
    "model": "[dataEntry.system]",
    "pk": 9,
    "fields": {
      "pn": "23",
      "sn": "40013",
      "boards": "7970248616",
      "description": "Phasellus sit amet erat. Nulla tempus. Vivamus in felis eu sapien cursus vestibulum. Proin eu mi. Nulla ac enim.",
      "package": 9,
      "certification": 9,
      "assigned_to": "1005154317",
      "formfactor": 9,
      "mfg_date": "2019-07-07",
      "vendor": 9,
      "mac_address": "1133084788",
      "configuration": 9,
      "service_log": "Aliquam erat volutpat. In congue. Etiam justo. Etiam pretium iaculis justo. In hac habitasse platea dictumst."
    }
  }, {
    "model": "[dataEntry.system]",
    "pk": 10,
    "fields": {
      "pn": "06351",
      "sn": "36",
      "boards": "6120167242",
      "description": "Vivamus vel nulla eget eros elementum pellentesque.",
      "package": 10,
      "certification": 10,
      "assigned_to": "3181109185",
      "formfactor": 10,
      "mfg_date": "2020-03-14",
      "vendor": 10,
      "mac_address": "4903924629",
      "configuration": 10,
      "service_log": "Fusce consequat. Nulla nisl. Nunc nisl. Duis bibendum, felis sed interdum venenatis, turpis enim blandit mi, in porttitor pede justo eu massa. Donec dapibus. Duis at velit eu est congue elementum. In hac habitasse platea dictumst."
    }
  }, {
    "model": "[dataEntry.system]",
    "pk": 11,
    "fields": {
      "pn": "252",
      "sn": "77845",
      "boards": "5337629433",
      "description": "Quisque ut erat. Curabitur gravida nisi at nibh.",
      "package": 11,
      "certification": 11,
      "assigned_to": "5182733526",
      "formfactor": 11,
      "mfg_date": "2019-07-08",
      "vendor": 11,
      "mac_address": "1175840505",
      "configuration": 11,
      "service_log": "Nulla ut erat id mauris vulputate elementum. Nullam varius. Nulla facilisi. Cras non velit nec nisi vulputate nonummy. Maecenas tincidunt lacus at velit. Vivamus vel nulla eget eros elementum pellentesque."
    }
  }, {
    "model": "[dataEntry.system]",
    "pk": 12,
    "fields": {
      "pn": "379",
      "sn": "102",
      "boards": "3721324404",
      "description": "Nulla suscipit ligula in lacus.",
      "package": 12,
      "certification": 12,
      "assigned_to": "2054646067",
      "formfactor": 12,
      "mfg_date": "2020-03-25",
      "vendor": 12,
      "mac_address": "9942453547",
      "configuration": 12,
      "service_log": "In hac habitasse platea dictumst. Morbi vestibulum, velit id pretium iaculis, diam erat fermentum justo, nec condimentum neque sapien placerat ante."
    }
  }, {
    "model": "[dataEntry.system]",
    "pk": 13,
    "fields": {
      "pn": "5",
      "sn": "3389",
      "boards": "6366577781",
      "description": "Donec posuere metus vitae ipsum. Aliquam non mauris.",
      "package": 13,
      "certification": 13,
      "assigned_to": "6924931715",
      "formfactor": 13,
      "mfg_date": "2019-12-15",
      "vendor": 13,
      "mac_address": "0244335583",
      "configuration": 13,
      "service_log": "Etiam vel augue. Vestibulum rutrum rutrum neque."
    }
  }, {
    "model": "[dataEntry.system]",
    "pk": 14,
    "fields": {
      "pn": "76040",
      "sn": "8",
      "boards": "9806196120",
      "description": "In sagittis dui vel nisl. Duis ac nibh. Fusce lacus purus, aliquet at, feugiat non, pretium quis, lectus. Suspendisse potenti. In eleifend quam a odio. In hac habitasse platea dictumst. Maecenas ut massa quis augue luctus tincidunt. Nulla mollis molestie lorem. Quisque ut erat.",
      "package": 14,
      "certification": 14,
      "assigned_to": "8858837525",
      "formfactor": 14,
      "mfg_date": "2020-02-29",
      "vendor": 14,
      "mac_address": "6034407192",
      "configuration": 14,
      "service_log": "Vestibulum quam sapien, varius ut, blandit non, interdum in, ante."
    }
  }, {
    "model": "[dataEntry.system]",
    "pk": 15,
    "fields": {
      "pn": "5",
      "sn": "84340",
      "boards": "5295236404",
      "description": "Nulla mollis molestie lorem. Quisque ut erat. Curabitur gravida nisi at nibh. In hac habitasse platea dictumst. Aliquam augue quam, sollicitudin vitae, consectetuer eget, rutrum at, lorem. Integer tincidunt ante vel ipsum. Praesent blandit lacinia erat. Vestibulum sed magna at nunc commodo placerat. Praesent blandit.",
      "package": 15,
      "certification": 15,
      "assigned_to": "6676794454",
      "formfactor": 15,
      "mfg_date": "2019-06-01",
      "vendor": 15,
      "mac_address": "8933883355",
      "configuration": 15,
      "service_log": "Pellentesque viverra pede ac diam. Cras pellentesque volutpat dui. Maecenas tristique, est et tempus semper, est quam pharetra magna, ac consequat metus sapien ut nunc. Vestibulum ante ipsum primis in faucibus orci luctus et ultrices posuere cubilia Curae; Mauris viverra diam vitae quam. Suspendisse potenti. Nullam porttitor lacus at turpis. Donec posuere metus vitae ipsum. Aliquam non mauris. Morbi non lectus."
    }
  }, {
    "model": "[dataEntry.system]",
    "pk": 16,
    "fields": {
      "pn": "244",
      "sn": "9",
      "boards": "6225108319",
      "description": "Nulla facilisi. Cras non velit nec nisi vulputate nonummy. Maecenas tincidunt lacus at velit. Vivamus vel nulla eget eros elementum pellentesque. Quisque porta volutpat erat. Quisque erat eros, viverra eget, congue eget, semper rutrum, nulla.",
      "package": 16,
      "certification": 16,
      "assigned_to": "6839665488",
      "formfactor": 16,
      "mfg_date": "2019-12-12",
      "vendor": 16,
      "mac_address": "3292809924",
      "configuration": 16,
      "service_log": "Proin eu mi. Nulla ac enim. In tempor, turpis nec euismod scelerisque, quam turpis adipiscing lorem, vitae mattis nibh ligula nec sem. Duis aliquam convallis nunc. Proin at turpis a pede posuere nonummy. Integer non velit. Donec diam neque, vestibulum eget, vulputate ut, ultrices vel, augue."
    }
  }, {
    "model": "[dataEntry.system]",
    "pk": 17,
    "fields": {
      "pn": "3302",
      "sn": "02577",
      "boards": "7000188847",
      "description": "Ut at dolor quis odio consequat varius. Integer ac leo. Pellentesque ultrices mattis odio.",
      "package": 17,
      "certification": 17,
      "assigned_to": "2481333047",
      "formfactor": 17,
      "mfg_date": "2019-07-31",
      "vendor": 17,
      "mac_address": "5253588795",
      "configuration": 17,
      "service_log": "Mauris enim leo, rhoncus sed, vestibulum sit amet, cursus id, turpis. Integer aliquet, massa id lobortis convallis, tortor risus dapibus augue, vel accumsan tellus nisi eu orci. Mauris lacinia sapien quis libero. Nullam sit amet turpis elementum ligula vehicula consequat. Morbi a ipsum. Integer a nibh. In quis justo. Maecenas rhoncus aliquam lacus. Morbi quis tortor id nulla ultrices aliquet. Maecenas leo odio, condimentum id, luctus nec, molestie sed, justo."
    }
  }, {
    "model": "[dataEntry.system]",
    "pk": 18,
    "fields": {
      "pn": "673",
      "sn": "301",
      "boards": "6036237928",
      "description": "Nulla ac enim. In tempor, turpis nec euismod scelerisque, quam turpis adipiscing lorem, vitae mattis nibh ligula nec sem. Duis aliquam convallis nunc. Proin at turpis a pede posuere nonummy. Integer non velit. Donec diam neque, vestibulum eget, vulputate ut, ultrices vel, augue. Vestibulum ante ipsum primis in faucibus orci luctus et ultrices posuere cubilia Curae; Donec pharetra, magna vestibulum aliquet ultrices, erat tortor sollicitudin mi, sit amet lobortis sapien sapien non mi.",
      "package": 18,
      "certification": 18,
      "assigned_to": "9860828466",
      "formfactor": 18,
      "mfg_date": "2019-05-30",
      "vendor": 18,
      "mac_address": "2560623870",
      "configuration": 18,
      "service_log": "Vivamus metus arcu, adipiscing molestie, hendrerit at, vulputate vitae, nisl. Aenean lectus. Pellentesque eget nunc. Donec quis orci eget orci vehicula condimentum. Curabitur in libero ut massa volutpat convallis. Morbi odio odio, elementum eu, interdum eu, tincidunt in, leo. Maecenas pulvinar lobortis est. Phasellus sit amet erat. Nulla tempus. Vivamus in felis eu sapien cursus vestibulum."
    }
  }, {
    "model": "[dataEntry.system]",
    "pk": 19,
    "fields": {
      "pn": "57",
      "sn": "30",
      "boards": "7468442495",
      "description": "Mauris lacinia sapien quis libero.",
      "package": 19,
      "certification": 19,
      "assigned_to": "3368685244",
      "formfactor": 19,
      "mfg_date": "2019-07-07",
      "vendor": 19,
      "mac_address": "7795645445",
      "configuration": 19,
      "service_log": "Vivamus in felis eu sapien cursus vestibulum. Proin eu mi. Nulla ac enim. In tempor, turpis nec euismod scelerisque, quam turpis adipiscing lorem, vitae mattis nibh ligula nec sem. Duis aliquam convallis nunc. Proin at turpis a pede posuere nonummy. Integer non velit. Donec diam neque, vestibulum eget, vulputate ut, ultrices vel, augue. Vestibulum ante ipsum primis in faucibus orci luctus et ultrices posuere cubilia Curae; Donec pharetra, magna vestibulum aliquet ultrices, erat tortor sollicitudin mi, sit amet lobortis sapien sapien non mi. Integer ac neque."
    }
  }, {
    "model": "[dataEntry.system]",
    "pk": 20,
    "fields": {
      "pn": "16",
      "sn": "46",
      "boards": "5851391316",
      "description": "Proin risus. Praesent lectus. Vestibulum quam sapien, varius ut, blandit non, interdum in, ante. Vestibulum ante ipsum primis in faucibus orci luctus et ultrices posuere cubilia Curae; Duis faucibus accumsan odio. Curabitur convallis. Duis consequat dui nec nisi volutpat eleifend. Donec ut dolor. Morbi vel lectus in quam fringilla rhoncus. Mauris enim leo, rhoncus sed, vestibulum sit amet, cursus id, turpis. Integer aliquet, massa id lobortis convallis, tortor risus dapibus augue, vel accumsan tellus nisi eu orci.",
      "package": 20,
      "certification": 20,
      "assigned_to": "7759174535",
      "formfactor": 20,
      "mfg_date": "2020-01-07",
      "vendor": 20,
      "mac_address": "2436224730",
      "configuration": 20,
      "service_log": "Nulla neque libero, convallis eget, eleifend luctus, ultricies eu, nibh. Quisque id justo sit amet sapien dignissim vestibulum."
    }
  }, {
    "model": "[dataEntry.system]",
    "pk": 21,
    "fields": {
      "pn": "4391",
      "sn": "4",
      "boards": "8368064643",
      "description": "Integer a nibh. In quis justo. Maecenas rhoncus aliquam lacus. Morbi quis tortor id nulla ultrices aliquet.",
      "package": 21,
      "certification": 21,
      "assigned_to": "8960155470",
      "formfactor": 21,
      "mfg_date": "2020-01-18",
      "vendor": 21,
      "mac_address": "1785195131",
      "configuration": 21,
      "service_log": "Praesent blandit. Nam nulla. Integer pede justo, lacinia eget, tincidunt eget, tempus vel, pede. Morbi porttitor lorem id ligula. Suspendisse ornare consequat lectus. In est risus, auctor sed, tristique in, tempus sit amet, sem. Fusce consequat. Nulla nisl. Nunc nisl."
    }
  }, {
    "model": "[dataEntry.system]",
    "pk": 22,
    "fields": {
      "pn": "566",
      "sn": "529",
      "boards": "6421155235",
      "description": "Nullam varius. Nulla facilisi. Cras non velit nec nisi vulputate nonummy.",
      "package": 22,
      "certification": 22,
      "assigned_to": "8310906218",
      "formfactor": 22,
      "mfg_date": "2020-02-23",
      "vendor": 22,
      "mac_address": "1470869721",
      "configuration": 22,
      "service_log": "Praesent id massa id nisl venenatis lacinia. Aenean sit amet justo."
    }
  }, {
    "model": "[dataEntry.system]",
    "pk": 23,
    "fields": {
      "pn": "092",
      "sn": "13",
      "boards": "7218259790",
      "description": "Fusce lacus purus, aliquet at, feugiat non, pretium quis, lectus. Suspendisse potenti. In eleifend quam a odio. In hac habitasse platea dictumst. Maecenas ut massa quis augue luctus tincidunt. Nulla mollis molestie lorem. Quisque ut erat.",
      "package": 23,
      "certification": 23,
      "assigned_to": "7841487843",
      "formfactor": 23,
      "mfg_date": "2019-05-31",
      "vendor": 23,
      "mac_address": "6867583075",
      "configuration": 23,
      "service_log": "Quisque id justo sit amet sapien dignissim vestibulum. Vestibulum ante ipsum primis in faucibus orci luctus et ultrices posuere cubilia Curae; Nulla dapibus dolor vel est."
    }
  }, {
    "model": "[dataEntry.system]",
    "pk": 24,
    "fields": {
      "pn": "70911",
      "sn": "30592",
      "boards": "1127146920",
      "description": "Phasellus sit amet erat. Nulla tempus. Vivamus in felis eu sapien cursus vestibulum. Proin eu mi. Nulla ac enim. In tempor, turpis nec euismod scelerisque, quam turpis adipiscing lorem, vitae mattis nibh ligula nec sem. Duis aliquam convallis nunc. Proin at turpis a pede posuere nonummy. Integer non velit. Donec diam neque, vestibulum eget, vulputate ut, ultrices vel, augue.",
      "package": 24,
      "certification": 24,
      "assigned_to": "5611584632",
      "formfactor": 24,
      "mfg_date": "2019-08-07",
      "vendor": 24,
      "mac_address": "1385020091",
      "configuration": 24,
      "service_log": "Curabitur at ipsum ac tellus semper interdum. Mauris ullamcorper purus sit amet nulla."
    }
  }, {
    "model": "[dataEntry.system]",
    "pk": 25,
    "fields": {
      "pn": "42592",
      "sn": "7171",
      "boards": "6576487096",
      "description": "Vestibulum ante ipsum primis in faucibus orci luctus et ultrices posuere cubilia Curae; Duis faucibus accumsan odio. Curabitur convallis. Duis consequat dui nec nisi volutpat eleifend. Donec ut dolor. Morbi vel lectus in quam fringilla rhoncus.",
      "package": 25,
      "certification": 25,
      "assigned_to": "7002467727",
      "formfactor": 25,
      "mfg_date": "2019-04-16",
      "vendor": 25,
      "mac_address": "2312303779",
      "configuration": 25,
      "service_log": "Donec dapibus. Duis at velit eu est congue elementum. In hac habitasse platea dictumst. Morbi vestibulum, velit id pretium iaculis, diam erat fermentum justo, nec condimentum neque sapien placerat ante. Nulla justo. Aliquam quis turpis eget elit sodales scelerisque. Mauris sit amet eros. Suspendisse accumsan tortor quis turpis."
    }
  }, {
    "model": "[dataEntry.system]",
    "pk": 26,
    "fields": {
      "pn": "47747",
      "sn": "1",
      "boards": "4050805812",
      "description": "Morbi ut odio. Cras mi pede, malesuada in, imperdiet et, commodo vulputate, justo. In blandit ultrices enim.",
      "package": 26,
      "certification": 26,
      "assigned_to": "7778195429",
      "formfactor": 26,
      "mfg_date": "2020-01-02",
      "vendor": 26,
      "mac_address": "4669185861",
      "configuration": 26,
      "service_log": "Curabitur gravida nisi at nibh. In hac habitasse platea dictumst. Aliquam augue quam, sollicitudin vitae, consectetuer eget, rutrum at, lorem. Integer tincidunt ante vel ipsum. Praesent blandit lacinia erat. Vestibulum sed magna at nunc commodo placerat."
    }
  }, {
    "model": "[dataEntry.system]",
    "pk": 27,
    "fields": {
      "pn": "59103",
      "sn": "41",
      "boards": "0814749666",
      "description": "Quisque ut erat. Curabitur gravida nisi at nibh. In hac habitasse platea dictumst. Aliquam augue quam, sollicitudin vitae, consectetuer eget, rutrum at, lorem. Integer tincidunt ante vel ipsum. Praesent blandit lacinia erat.",
      "package": 27,
      "certification": 27,
      "assigned_to": "0138487103",
      "formfactor": 27,
      "mfg_date": "2019-07-22",
      "vendor": 27,
      "mac_address": "9560504452",
      "configuration": 27,
      "service_log": "In quis justo. Maecenas rhoncus aliquam lacus. Morbi quis tortor id nulla ultrices aliquet. Maecenas leo odio, condimentum id, luctus nec, molestie sed, justo. Pellentesque viverra pede ac diam. Cras pellentesque volutpat dui. Maecenas tristique, est et tempus semper, est quam pharetra magna, ac consequat metus sapien ut nunc. Vestibulum ante ipsum primis in faucibus orci luctus et ultrices posuere cubilia Curae; Mauris viverra diam vitae quam. Suspendisse potenti."
    }
  }, {
    "model": "[dataEntry.system]",
    "pk": 28,
    "fields": {
      "pn": "31504",
      "sn": "77563",
      "boards": "2481842324",
      "description": "Nam nulla. Integer pede justo, lacinia eget, tincidunt eget, tempus vel, pede. Morbi porttitor lorem id ligula. Suspendisse ornare consequat lectus.",
      "package": 28,
      "certification": 28,
      "assigned_to": "4957674043",
      "formfactor": 28,
      "mfg_date": "2020-01-23",
      "vendor": 28,
      "mac_address": "9662007059",
      "configuration": 28,
      "service_log": "Curabitur in libero ut massa volutpat convallis. Morbi odio odio, elementum eu, interdum eu, tincidunt in, leo. Maecenas pulvinar lobortis est."
    }
  }, {
    "model": "[dataEntry.system]",
    "pk": 29,
    "fields": {
      "pn": "59363",
      "sn": "78984",
      "boards": "3407673736",
      "description": "Nulla tempus. Vivamus in felis eu sapien cursus vestibulum. Proin eu mi. Nulla ac enim. In tempor, turpis nec euismod scelerisque, quam turpis adipiscing lorem, vitae mattis nibh ligula nec sem. Duis aliquam convallis nunc. Proin at turpis a pede posuere nonummy. Integer non velit. Donec diam neque, vestibulum eget, vulputate ut, ultrices vel, augue. Vestibulum ante ipsum primis in faucibus orci luctus et ultrices posuere cubilia Curae; Donec pharetra, magna vestibulum aliquet ultrices, erat tortor sollicitudin mi, sit amet lobortis sapien sapien non mi.",
      "package": 29,
      "certification": 29,
      "assigned_to": "4237437450",
      "formfactor": 29,
      "mfg_date": "2019-05-12",
      "vendor": 29,
      "mac_address": "1820833860",
      "configuration": 29,
      "service_log": "Duis mattis egestas metus. Aenean fermentum."
    }
  }, {
    "model": "[dataEntry.system]",
    "pk": 30,
    "fields": {
      "pn": "4978",
      "sn": "30",
      "boards": "9175867958",
      "description": "Nulla ac enim. In tempor, turpis nec euismod scelerisque, quam turpis adipiscing lorem, vitae mattis nibh ligula nec sem. Duis aliquam convallis nunc. Proin at turpis a pede posuere nonummy. Integer non velit. Donec diam neque, vestibulum eget, vulputate ut, ultrices vel, augue. Vestibulum ante ipsum primis in faucibus orci luctus et ultrices posuere cubilia Curae; Donec pharetra, magna vestibulum aliquet ultrices, erat tortor sollicitudin mi, sit amet lobortis sapien sapien non mi. Integer ac neque. Duis bibendum.",
      "package": 30,
      "certification": 30,
      "assigned_to": "0310861217",
      "formfactor": 30,
      "mfg_date": "2019-07-11",
      "vendor": 30,
      "mac_address": "0602347254",
      "configuration": 30,
      "service_log": "Donec odio justo, sollicitudin ut, suscipit a, feugiat et, eros. Vestibulum ac est lacinia nisi venenatis tristique. Fusce congue, diam id ornare imperdiet, sapien urna pretium nisl, ut volutpat sapien arcu sed augue. Aliquam erat volutpat. In congue. Etiam justo. Etiam pretium iaculis justo. In hac habitasse platea dictumst. Etiam faucibus cursus urna."
    }
  }, {
    "model": "[dataEntry.system]",
    "pk": 31,
    "fields": {
      "pn": "33194",
      "sn": "1074",
      "boards": "2757513788",
      "description": "Ut tellus. Nulla ut erat id mauris vulputate elementum. Nullam varius. Nulla facilisi. Cras non velit nec nisi vulputate nonummy.",
      "package": 31,
      "certification": 31,
      "assigned_to": "8394722784",
      "formfactor": 31,
      "mfg_date": "2019-12-06",
      "vendor": 31,
      "mac_address": "2108730435",
      "configuration": 31,
      "service_log": "Quisque erat eros, viverra eget, congue eget, semper rutrum, nulla. Nunc purus. Phasellus in felis. Donec semper sapien a libero. Nam dui. Proin leo odio, porttitor id, consequat in, consequat ut, nulla. Sed accumsan felis. Ut at dolor quis odio consequat varius. Integer ac leo. Pellentesque ultrices mattis odio."
    }
  }, {
    "model": "[dataEntry.system]",
    "pk": 32,
    "fields": {
      "pn": "2634",
      "sn": "91",
      "boards": "1213581184",
      "description": "Vivamus tortor. Duis mattis egestas metus. Aenean fermentum. Donec ut mauris eget massa tempor convallis. Nulla neque libero, convallis eget, eleifend luctus, ultricies eu, nibh. Quisque id justo sit amet sapien dignissim vestibulum. Vestibulum ante ipsum primis in faucibus orci luctus et ultrices posuere cubilia Curae; Nulla dapibus dolor vel est. Donec odio justo, sollicitudin ut, suscipit a, feugiat et, eros.",
      "package": 32,
      "certification": 32,
      "assigned_to": "2788491298",
      "formfactor": 32,
      "mfg_date": "2020-01-31",
      "vendor": 32,
      "mac_address": "9484843417",
      "configuration": 32,
      "service_log": "Nunc rhoncus dui vel sem. Sed sagittis. Nam congue, risus semper porta volutpat, quam pede lobortis ligula, sit amet eleifend pede libero quis orci. Nullam molestie nibh in lectus. Pellentesque at nulla. Suspendisse potenti. Cras in purus eu magna vulputate luctus. Cum sociis natoque penatibus et magnis dis parturient montes, nascetur ridiculus mus. Vivamus vestibulum sagittis sapien."
    }
  }, {
    "model": "[dataEntry.system]",
    "pk": 33,
    "fields": {
      "pn": "02",
      "sn": "12350",
      "boards": "0715279335",
      "description": "Morbi ut odio. Cras mi pede, malesuada in, imperdiet et, commodo vulputate, justo.",
      "package": 33,
      "certification": 33,
      "assigned_to": "8402903789",
      "formfactor": 33,
      "mfg_date": "2019-10-14",
      "vendor": 33,
      "mac_address": "5753322816",
      "configuration": 33,
      "service_log": "Aliquam augue quam, sollicitudin vitae, consectetuer eget, rutrum at, lorem. Integer tincidunt ante vel ipsum."
    }
  }, {
    "model": "[dataEntry.system]",
    "pk": 34,
    "fields": {
      "pn": "440",
      "sn": "23",
      "boards": "0053805399",
      "description": "Vestibulum rutrum rutrum neque. Aenean auctor gravida sem. Praesent id massa id nisl venenatis lacinia. Aenean sit amet justo. Morbi ut odio.",
      "package": 34,
      "certification": 34,
      "assigned_to": "1563177838",
      "formfactor": 34,
      "mfg_date": "2019-12-20",
      "vendor": 34,
      "mac_address": "6043109956",
      "configuration": 34,
      "service_log": "Vestibulum ante ipsum primis in faucibus orci luctus et ultrices posuere cubilia Curae; Donec pharetra, magna vestibulum aliquet ultrices, erat tortor sollicitudin mi, sit amet lobortis sapien sapien non mi."
    }
  }, {
    "model": "[dataEntry.system]",
    "pk": 35,
    "fields": {
      "pn": "92784",
      "sn": "8507",
      "boards": "8489133182",
      "description": "Ut tellus.",
      "package": 35,
      "certification": 35,
      "assigned_to": "0832136565",
      "formfactor": 35,
      "mfg_date": "2019-04-07",
      "vendor": 35,
      "mac_address": "5294803933",
      "configuration": 35,
      "service_log": "Duis ac nibh. Fusce lacus purus, aliquet at, feugiat non, pretium quis, lectus. Suspendisse potenti."
    }
  }, {
    "model": "[dataEntry.system]",
    "pk": 36,
    "fields": {
      "pn": "97225",
      "sn": "4",
      "boards": "5165777235",
      "description": "Donec vitae nisi.",
      "package": 36,
      "certification": 36,
      "assigned_to": "4286277348",
      "formfactor": 36,
      "mfg_date": "2020-02-15",
      "vendor": 36,
      "mac_address": "8681906119",
      "configuration": 36,
      "service_log": "Quisque arcu libero, rutrum ac, lobortis vel, dapibus at, diam. Nam tristique tortor eu pede."
    }
  }, {
    "model": "[dataEntry.system]",
    "pk": 37,
    "fields": {
      "pn": "6",
      "sn": "338",
      "boards": "2818981778",
      "description": "Aliquam augue quam, sollicitudin vitae, consectetuer eget, rutrum at, lorem.",
      "package": 37,
      "certification": 37,
      "assigned_to": "2367860955",
      "formfactor": 37,
      "mfg_date": "2020-02-29",
      "vendor": 37,
      "mac_address": "4735938532",
      "configuration": 37,
      "service_log": "Curabitur gravida nisi at nibh. In hac habitasse platea dictumst. Aliquam augue quam, sollicitudin vitae, consectetuer eget, rutrum at, lorem. Integer tincidunt ante vel ipsum. Praesent blandit lacinia erat. Vestibulum sed magna at nunc commodo placerat."
    }
  }, {
    "model": "[dataEntry.system]",
    "pk": 38,
    "fields": {
      "pn": "372",
      "sn": "16",
      "boards": "0274641488",
      "description": "Duis consequat dui nec nisi volutpat eleifend. Donec ut dolor. Morbi vel lectus in quam fringilla rhoncus. Mauris enim leo, rhoncus sed, vestibulum sit amet, cursus id, turpis. Integer aliquet, massa id lobortis convallis, tortor risus dapibus augue, vel accumsan tellus nisi eu orci. Mauris lacinia sapien quis libero. Nullam sit amet turpis elementum ligula vehicula consequat.",
      "package": 38,
      "certification": 38,
      "assigned_to": "2655633407",
      "formfactor": 38,
      "mfg_date": "2019-11-18",
      "vendor": 38,
      "mac_address": "5483221605",
      "configuration": 38,
      "service_log": "Nulla ac enim. In tempor, turpis nec euismod scelerisque, quam turpis adipiscing lorem, vitae mattis nibh ligula nec sem. Duis aliquam convallis nunc. Proin at turpis a pede posuere nonummy. Integer non velit. Donec diam neque, vestibulum eget, vulputate ut, ultrices vel, augue. Vestibulum ante ipsum primis in faucibus orci luctus et ultrices posuere cubilia Curae; Donec pharetra, magna vestibulum aliquet ultrices, erat tortor sollicitudin mi, sit amet lobortis sapien sapien non mi. Integer ac neque."
    }
  }, {
    "model": "[dataEntry.system]",
    "pk": 39,
    "fields": {
      "pn": "943",
      "sn": "15829",
      "boards": "5487673314",
      "description": "Vestibulum ac est lacinia nisi venenatis tristique. Fusce congue, diam id ornare imperdiet, sapien urna pretium nisl, ut volutpat sapien arcu sed augue. Aliquam erat volutpat. In congue. Etiam justo. Etiam pretium iaculis justo. In hac habitasse platea dictumst.",
      "package": 39,
      "certification": 39,
      "assigned_to": "3816435068",
      "formfactor": 39,
      "mfg_date": "2019-08-19",
      "vendor": 39,
      "mac_address": "2316417302",
      "configuration": 39,
      "service_log": "Curabitur convallis. Duis consequat dui nec nisi volutpat eleifend. Donec ut dolor. Morbi vel lectus in quam fringilla rhoncus. Mauris enim leo, rhoncus sed, vestibulum sit amet, cursus id, turpis. Integer aliquet, massa id lobortis convallis, tortor risus dapibus augue, vel accumsan tellus nisi eu orci. Mauris lacinia sapien quis libero. Nullam sit amet turpis elementum ligula vehicula consequat."
    }
  }, {
    "model": "[dataEntry.system]",
    "pk": 40,
    "fields": {
      "pn": "2383",
      "sn": "3098",
      "boards": "1234686961",
      "description": "Duis ac nibh. Fusce lacus purus, aliquet at, feugiat non, pretium quis, lectus. Suspendisse potenti. In eleifend quam a odio. In hac habitasse platea dictumst. Maecenas ut massa quis augue luctus tincidunt. Nulla mollis molestie lorem. Quisque ut erat. Curabitur gravida nisi at nibh.",
      "package": 40,
      "certification": 40,
      "assigned_to": "0219129819",
      "formfactor": 40,
      "mfg_date": "2019-10-22",
      "vendor": 40,
      "mac_address": "7106464600",
      "configuration": 40,
      "service_log": "Pellentesque at nulla. Suspendisse potenti. Cras in purus eu magna vulputate luctus. Cum sociis natoque penatibus et magnis dis parturient montes, nascetur ridiculus mus. Vivamus vestibulum sagittis sapien. Cum sociis natoque penatibus et magnis dis parturient montes, nascetur ridiculus mus. Etiam vel augue. Vestibulum rutrum rutrum neque. Aenean auctor gravida sem. Praesent id massa id nisl venenatis lacinia."
    }
  }, {
    "model": "[dataEntry.system]",
    "pk": 41,
    "fields": {
      "pn": "596",
      "sn": "032",
      "boards": "7642907893",
      "description": "Duis bibendum, felis sed interdum venenatis, turpis enim blandit mi, in porttitor pede justo eu massa. Donec dapibus.",
      "package": 41,
      "certification": 41,
      "assigned_to": "3849861821",
      "formfactor": 41,
      "mfg_date": "2020-01-29",
      "vendor": 41,
      "mac_address": "7225714856",
      "configuration": 41,
      "service_log": "Curabitur convallis. Duis consequat dui nec nisi volutpat eleifend. Donec ut dolor. Morbi vel lectus in quam fringilla rhoncus. Mauris enim leo, rhoncus sed, vestibulum sit amet, cursus id, turpis."
    }
  }, {
    "model": "[dataEntry.system]",
    "pk": 42,
    "fields": {
      "pn": "1475",
      "sn": "697",
      "boards": "6931899783",
      "description": "Sed accumsan felis. Ut at dolor quis odio consequat varius. Integer ac leo. Pellentesque ultrices mattis odio. Donec vitae nisi. Nam ultrices, libero non mattis pulvinar, nulla pede ullamcorper augue, a suscipit nulla elit ac nulla. Sed vel enim sit amet nunc viverra dapibus. Nulla suscipit ligula in lacus. Curabitur at ipsum ac tellus semper interdum.",
      "package": 42,
      "certification": 42,
      "assigned_to": "2178816657",
      "formfactor": 42,
      "mfg_date": "2019-07-18",
      "vendor": 42,
      "mac_address": "9336690027",
      "configuration": 42,
      "service_log": "Nulla nisl. Nunc nisl. Duis bibendum, felis sed interdum venenatis, turpis enim blandit mi, in porttitor pede justo eu massa. Donec dapibus. Duis at velit eu est congue elementum. In hac habitasse platea dictumst. Morbi vestibulum, velit id pretium iaculis, diam erat fermentum justo, nec condimentum neque sapien placerat ante. Nulla justo. Aliquam quis turpis eget elit sodales scelerisque. Mauris sit amet eros."
    }
  }, {
    "model": "[dataEntry.system]",
    "pk": 43,
    "fields": {
      "pn": "3294",
      "sn": "258",
      "boards": "2228654914",
      "description": "Integer aliquet, massa id lobortis convallis, tortor risus dapibus augue, vel accumsan tellus nisi eu orci. Mauris lacinia sapien quis libero. Nullam sit amet turpis elementum ligula vehicula consequat.",
      "package": 43,
      "certification": 43,
      "assigned_to": "1316712508",
      "formfactor": 43,
      "mfg_date": "2019-11-05",
      "vendor": 43,
      "mac_address": "6227895113",
      "configuration": 43,
      "service_log": "Vestibulum rutrum rutrum neque. Aenean auctor gravida sem. Praesent id massa id nisl venenatis lacinia. Aenean sit amet justo. Morbi ut odio. Cras mi pede, malesuada in, imperdiet et, commodo vulputate, justo. In blandit ultrices enim. Lorem ipsum dolor sit amet, consectetuer adipiscing elit. Proin interdum mauris non ligula pellentesque ultrices."
    }
  }, {
    "model": "[dataEntry.system]",
    "pk": 44,
    "fields": {
      "pn": "555",
      "sn": "45431",
      "boards": "7087958313",
      "description": "Cras non velit nec nisi vulputate nonummy. Maecenas tincidunt lacus at velit. Vivamus vel nulla eget eros elementum pellentesque. Quisque porta volutpat erat. Quisque erat eros, viverra eget, congue eget, semper rutrum, nulla. Nunc purus. Phasellus in felis. Donec semper sapien a libero. Nam dui.",
      "package": 44,
      "certification": 44,
      "assigned_to": "3484215828",
      "formfactor": 44,
      "mfg_date": "2019-08-11",
      "vendor": 44,
      "mac_address": "2141478685",
      "configuration": 44,
      "service_log": "Duis bibendum. Morbi non quam nec dui luctus rutrum. Nulla tellus. In sagittis dui vel nisl. Duis ac nibh. Fusce lacus purus, aliquet at, feugiat non, pretium quis, lectus. Suspendisse potenti."
    }
  }, {
    "model": "[dataEntry.system]",
    "pk": 45,
    "fields": {
      "pn": "93",
      "sn": "0123",
      "boards": "0100888852",
      "description": "In tempor, turpis nec euismod scelerisque, quam turpis adipiscing lorem, vitae mattis nibh ligula nec sem. Duis aliquam convallis nunc. Proin at turpis a pede posuere nonummy.",
      "package": 45,
      "certification": 45,
      "assigned_to": "5334194932",
      "formfactor": 45,
      "mfg_date": "2019-08-13",
      "vendor": 45,
      "mac_address": "7317194433",
      "configuration": 45,
      "service_log": "Curabitur at ipsum ac tellus semper interdum. Mauris ullamcorper purus sit amet nulla. Quisque arcu libero, rutrum ac, lobortis vel, dapibus at, diam. Nam tristique tortor eu pede."
    }
  }, {
    "model": "[dataEntry.system]",
    "pk": 46,
    "fields": {
      "pn": "9145",
      "sn": "6",
      "boards": "1552896641",
      "description": "Mauris enim leo, rhoncus sed, vestibulum sit amet, cursus id, turpis. Integer aliquet, massa id lobortis convallis, tortor risus dapibus augue, vel accumsan tellus nisi eu orci. Mauris lacinia sapien quis libero. Nullam sit amet turpis elementum ligula vehicula consequat. Morbi a ipsum.",
      "package": 46,
      "certification": 46,
      "assigned_to": "7726967668",
      "formfactor": 46,
      "mfg_date": "2019-05-16",
      "vendor": 46,
      "mac_address": "8272594560",
      "configuration": 46,
      "service_log": "Nulla nisl. Nunc nisl. Duis bibendum, felis sed interdum venenatis, turpis enim blandit mi, in porttitor pede justo eu massa. Donec dapibus. Duis at velit eu est congue elementum. In hac habitasse platea dictumst. Morbi vestibulum, velit id pretium iaculis, diam erat fermentum justo, nec condimentum neque sapien placerat ante. Nulla justo."
    }
  }, {
    "model": "[dataEntry.system]",
    "pk": 47,
    "fields": {
      "pn": "07",
      "sn": "3",
      "boards": "3955066037",
      "description": "Integer a nibh. In quis justo. Maecenas rhoncus aliquam lacus. Morbi quis tortor id nulla ultrices aliquet. Maecenas leo odio, condimentum id, luctus nec, molestie sed, justo. Pellentesque viverra pede ac diam. Cras pellentesque volutpat dui.",
      "package": 47,
      "certification": 47,
      "assigned_to": "9674405925",
      "formfactor": 47,
      "mfg_date": "2019-08-23",
      "vendor": 47,
      "mac_address": "2349309452",
      "configuration": 47,
      "service_log": "Maecenas leo odio, condimentum id, luctus nec, molestie sed, justo. Pellentesque viverra pede ac diam. Cras pellentesque volutpat dui. Maecenas tristique, est et tempus semper, est quam pharetra magna, ac consequat metus sapien ut nunc. Vestibulum ante ipsum primis in faucibus orci luctus et ultrices posuere cubilia Curae; Mauris viverra diam vitae quam. Suspendisse potenti. Nullam porttitor lacus at turpis. Donec posuere metus vitae ipsum."
    }
  }, {
    "model": "[dataEntry.system]",
    "pk": 48,
    "fields": {
      "pn": "8",
      "sn": "45302",
      "boards": "0215275136",
      "description": "Lorem ipsum dolor sit amet, consectetuer adipiscing elit. Proin interdum mauris non ligula pellentesque ultrices. Phasellus id sapien in sapien iaculis congue. Vivamus metus arcu, adipiscing molestie, hendrerit at, vulputate vitae, nisl. Aenean lectus. Pellentesque eget nunc. Donec quis orci eget orci vehicula condimentum. Curabitur in libero ut massa volutpat convallis. Morbi odio odio, elementum eu, interdum eu, tincidunt in, leo. Maecenas pulvinar lobortis est.",
      "package": 48,
      "certification": 48,
      "assigned_to": "3886513386",
      "formfactor": 48,
      "mfg_date": "2019-06-20",
      "vendor": 48,
      "mac_address": "4916779509",
      "configuration": 48,
      "service_log": "Curabitur convallis. Duis consequat dui nec nisi volutpat eleifend. Donec ut dolor. Morbi vel lectus in quam fringilla rhoncus. Mauris enim leo, rhoncus sed, vestibulum sit amet, cursus id, turpis."
    }
  }, {
    "model": "[dataEntry.system]",
    "pk": 49,
    "fields": {
      "pn": "4",
      "sn": "7",
      "boards": "2435760744",
      "description": "Vestibulum rutrum rutrum neque. Aenean auctor gravida sem. Praesent id massa id nisl venenatis lacinia.",
      "package": 49,
      "certification": 49,
      "assigned_to": "7617311648",
      "formfactor": 49,
      "mfg_date": "2020-02-26",
      "vendor": 49,
      "mac_address": "2381028641",
      "configuration": 49,
      "service_log": "Aliquam quis turpis eget elit sodales scelerisque. Mauris sit amet eros. Suspendisse accumsan tortor quis turpis."
    }
  }, {
    "model": "[dataEntry.system]",
    "pk": 50,
    "fields": {
      "pn": "2",
      "sn": "0853",
      "boards": "2901423825",
      "description": "In hac habitasse platea dictumst. Aliquam augue quam, sollicitudin vitae, consectetuer eget, rutrum at, lorem. Integer tincidunt ante vel ipsum.",
      "package": 50,
      "certification": 50,
      "assigned_to": "2155488165",
      "formfactor": 50,
      "mfg_date": "2019-12-07",
      "vendor": 50,
      "mac_address": "3188905157",
      "configuration": 50,
      "service_log": "Praesent blandit lacinia erat. Vestibulum sed magna at nunc commodo placerat. Praesent blandit."
    }
  }, {
    "model": "[dataEntry.system]",
    "pk": 51,
    "fields": {
      "pn": "73712",
      "sn": "5",
      "boards": "5430585467",
      "description": "Cras mi pede, malesuada in, imperdiet et, commodo vulputate, justo.",
      "package": 51,
      "certification": 51,
      "assigned_to": "7858225111",
      "formfactor": 51,
      "mfg_date": "2019-07-26",
      "vendor": 51,
      "mac_address": "6978512494",
      "configuration": 51,
      "service_log": "Donec diam neque, vestibulum eget, vulputate ut, ultrices vel, augue. Vestibulum ante ipsum primis in faucibus orci luctus et ultrices posuere cubilia Curae; Donec pharetra, magna vestibulum aliquet ultrices, erat tortor sollicitudin mi, sit amet lobortis sapien sapien non mi. Integer ac neque."
    }
  }, {
    "model": "[dataEntry.system]",
    "pk": 52,
    "fields": {
      "pn": "787",
      "sn": "86708",
      "boards": "1922295701",
      "description": "Vestibulum sed magna at nunc commodo placerat. Praesent blandit. Nam nulla. Integer pede justo, lacinia eget, tincidunt eget, tempus vel, pede. Morbi porttitor lorem id ligula.",
      "package": 52,
      "certification": 52,
      "assigned_to": "8331289331",
      "formfactor": 52,
      "mfg_date": "2020-03-12",
      "vendor": 52,
      "mac_address": "2456638360",
      "configuration": 52,
      "service_log": "Curabitur convallis. Duis consequat dui nec nisi volutpat eleifend. Donec ut dolor. Morbi vel lectus in quam fringilla rhoncus. Mauris enim leo, rhoncus sed, vestibulum sit amet, cursus id, turpis. Integer aliquet, massa id lobortis convallis, tortor risus dapibus augue, vel accumsan tellus nisi eu orci. Mauris lacinia sapien quis libero. Nullam sit amet turpis elementum ligula vehicula consequat. Morbi a ipsum. Integer a nibh."
    }
  }, {
    "model": "[dataEntry.system]",
    "pk": 53,
    "fields": {
      "pn": "5297",
      "sn": "28",
      "boards": "8482393022",
      "description": "Vestibulum ante ipsum primis in faucibus orci luctus et ultrices posuere cubilia Curae; Duis faucibus accumsan odio. Curabitur convallis. Duis consequat dui nec nisi volutpat eleifend.",
      "package": 53,
      "certification": 53,
      "assigned_to": "6334140744",
      "formfactor": 53,
      "mfg_date": "2019-12-15",
      "vendor": 53,
      "mac_address": "8537169870",
      "configuration": 53,
      "service_log": "In tempor, turpis nec euismod scelerisque, quam turpis adipiscing lorem, vitae mattis nibh ligula nec sem. Duis aliquam convallis nunc. Proin at turpis a pede posuere nonummy. Integer non velit. Donec diam neque, vestibulum eget, vulputate ut, ultrices vel, augue. Vestibulum ante ipsum primis in faucibus orci luctus et ultrices posuere cubilia Curae; Donec pharetra, magna vestibulum aliquet ultrices, erat tortor sollicitudin mi, sit amet lobortis sapien sapien non mi."
    }
  }, {
    "model": "[dataEntry.system]",
    "pk": 54,
    "fields": {
      "pn": "09452",
      "sn": "75353",
      "boards": "5797138093",
      "description": "Curabitur convallis. Duis consequat dui nec nisi volutpat eleifend. Donec ut dolor. Morbi vel lectus in quam fringilla rhoncus.",
      "package": 54,
      "certification": 54,
      "assigned_to": "1745385673",
      "formfactor": 54,
      "mfg_date": "2019-12-04",
      "vendor": 54,
      "mac_address": "1937199479",
      "configuration": 54,
      "service_log": "Nulla mollis molestie lorem. Quisque ut erat. Curabitur gravida nisi at nibh. In hac habitasse platea dictumst."
    }
  }, {
    "model": "[dataEntry.system]",
    "pk": 55,
    "fields": {
      "pn": "6496",
      "sn": "8371",
      "boards": "4360631200",
      "description": "Maecenas leo odio, condimentum id, luctus nec, molestie sed, justo. Pellentesque viverra pede ac diam. Cras pellentesque volutpat dui. Maecenas tristique, est et tempus semper, est quam pharetra magna, ac consequat metus sapien ut nunc. Vestibulum ante ipsum primis in faucibus orci luctus et ultrices posuere cubilia Curae; Mauris viverra diam vitae quam. Suspendisse potenti.",
      "package": 55,
      "certification": 55,
      "assigned_to": "7434153547",
      "formfactor": 55,
      "mfg_date": "2019-07-01",
      "vendor": 55,
      "mac_address": "1067483365",
      "configuration": 55,
      "service_log": "Nullam molestie nibh in lectus. Pellentesque at nulla. Suspendisse potenti. Cras in purus eu magna vulputate luctus. Cum sociis natoque penatibus et magnis dis parturient montes, nascetur ridiculus mus. Vivamus vestibulum sagittis sapien. Cum sociis natoque penatibus et magnis dis parturient montes, nascetur ridiculus mus. Etiam vel augue. Vestibulum rutrum rutrum neque."
    }
  }, {
    "model": "[dataEntry.system]",
    "pk": 56,
    "fields": {
      "pn": "4112",
      "sn": "23231",
      "boards": "9173440469",
      "description": "Curabitur in libero ut massa volutpat convallis. Morbi odio odio, elementum eu, interdum eu, tincidunt in, leo. Maecenas pulvinar lobortis est.",
      "package": 56,
      "certification": 56,
      "assigned_to": "6648294620",
      "formfactor": 56,
      "mfg_date": "2020-02-17",
      "vendor": 56,
      "mac_address": "5350664751",
      "configuration": 56,
      "service_log": "Morbi quis tortor id nulla ultrices aliquet. Maecenas leo odio, condimentum id, luctus nec, molestie sed, justo. Pellentesque viverra pede ac diam. Cras pellentesque volutpat dui. Maecenas tristique, est et tempus semper, est quam pharetra magna, ac consequat metus sapien ut nunc."
    }
  }, {
    "model": "[dataEntry.system]",
    "pk": 57,
    "fields": {
      "pn": "0",
      "sn": "021",
      "boards": "2152880641",
      "description": "Curabitur at ipsum ac tellus semper interdum. Mauris ullamcorper purus sit amet nulla.",
      "package": 57,
      "certification": 57,
      "assigned_to": "3836080117",
      "formfactor": 57,
      "mfg_date": "2019-06-06",
      "vendor": 57,
      "mac_address": "4636103688",
      "configuration": 57,
      "service_log": "Sed ante. Vivamus tortor. Duis mattis egestas metus. Aenean fermentum. Donec ut mauris eget massa tempor convallis. Nulla neque libero, convallis eget, eleifend luctus, ultricies eu, nibh. Quisque id justo sit amet sapien dignissim vestibulum."
    }
  }, {
    "model": "[dataEntry.system]",
    "pk": 58,
    "fields": {
      "pn": "4073",
      "sn": "86810",
      "boards": "1633825132",
      "description": "Vestibulum ac est lacinia nisi venenatis tristique. Fusce congue, diam id ornare imperdiet, sapien urna pretium nisl, ut volutpat sapien arcu sed augue. Aliquam erat volutpat. In congue. Etiam justo.",
      "package": 58,
      "certification": 58,
      "assigned_to": "5812753016",
      "formfactor": 58,
      "mfg_date": "2019-12-30",
      "vendor": 58,
      "mac_address": "0618565930",
      "configuration": 58,
      "service_log": "Morbi porttitor lorem id ligula. Suspendisse ornare consequat lectus. In est risus, auctor sed, tristique in, tempus sit amet, sem. Fusce consequat. Nulla nisl. Nunc nisl. Duis bibendum, felis sed interdum venenatis, turpis enim blandit mi, in porttitor pede justo eu massa. Donec dapibus. Duis at velit eu est congue elementum."
    }
  }, {
    "model": "[dataEntry.system]",
    "pk": 59,
    "fields": {
      "pn": "40",
      "sn": "764",
      "boards": "9364906489",
      "description": "Donec odio justo, sollicitudin ut, suscipit a, feugiat et, eros. Vestibulum ac est lacinia nisi venenatis tristique. Fusce congue, diam id ornare imperdiet, sapien urna pretium nisl, ut volutpat sapien arcu sed augue. Aliquam erat volutpat. In congue. Etiam justo. Etiam pretium iaculis justo. In hac habitasse platea dictumst. Etiam faucibus cursus urna. Ut tellus.",
      "package": 59,
      "certification": 59,
      "assigned_to": "6101502910",
      "formfactor": 59,
      "mfg_date": "2020-01-27",
      "vendor": 59,
      "mac_address": "1235447014",
      "configuration": 59,
      "service_log": "Aliquam erat volutpat. In congue. Etiam justo. Etiam pretium iaculis justo. In hac habitasse platea dictumst. Etiam faucibus cursus urna. Ut tellus."
    }
  }, {
    "model": "[dataEntry.system]",
    "pk": 60,
    "fields": {
      "pn": "7",
      "sn": "3528",
      "boards": "8503525224",
      "description": "Aliquam sit amet diam in magna bibendum imperdiet. Nullam orci pede, venenatis non, sodales sed, tincidunt eu, felis. Fusce posuere felis sed lacus. Morbi sem mauris, laoreet ut, rhoncus aliquet, pulvinar sed, nisl. Nunc rhoncus dui vel sem. Sed sagittis. Nam congue, risus semper porta volutpat, quam pede lobortis ligula, sit amet eleifend pede libero quis orci. Nullam molestie nibh in lectus. Pellentesque at nulla. Suspendisse potenti.",
      "package": 60,
      "certification": 60,
      "assigned_to": "7223455845",
      "formfactor": 60,
      "mfg_date": "2019-09-15",
      "vendor": 60,
      "mac_address": "2364993008",
      "configuration": 60,
      "service_log": "Vestibulum ac est lacinia nisi venenatis tristique. Fusce congue, diam id ornare imperdiet, sapien urna pretium nisl, ut volutpat sapien arcu sed augue. Aliquam erat volutpat. In congue. Etiam justo. Etiam pretium iaculis justo. In hac habitasse platea dictumst. Etiam faucibus cursus urna. Ut tellus."
    }
  }, {
    "model": "[dataEntry.system]",
    "pk": 61,
    "fields": {
      "pn": "48",
      "sn": "1",
      "boards": "4572653941",
      "description": "Lorem ipsum dolor sit amet, consectetuer adipiscing elit. Proin risus. Praesent lectus. Vestibulum quam sapien, varius ut, blandit non, interdum in, ante. Vestibulum ante ipsum primis in faucibus orci luctus et ultrices posuere cubilia Curae; Duis faucibus accumsan odio. Curabitur convallis. Duis consequat dui nec nisi volutpat eleifend. Donec ut dolor.",
      "package": 61,
      "certification": 61,
      "assigned_to": "1841877808",
      "formfactor": 61,
      "mfg_date": "2020-02-27",
      "vendor": 61,
      "mac_address": "9984951324",
      "configuration": 61,
      "service_log": "Donec dapibus."
    }
  }, {
    "model": "[dataEntry.system]",
    "pk": 62,
    "fields": {
      "pn": "9",
      "sn": "75792",
      "boards": "8062484971",
      "description": "In tempor, turpis nec euismod scelerisque, quam turpis adipiscing lorem, vitae mattis nibh ligula nec sem. Duis aliquam convallis nunc. Proin at turpis a pede posuere nonummy. Integer non velit. Donec diam neque, vestibulum eget, vulputate ut, ultrices vel, augue. Vestibulum ante ipsum primis in faucibus orci luctus et ultrices posuere cubilia Curae; Donec pharetra, magna vestibulum aliquet ultrices, erat tortor sollicitudin mi, sit amet lobortis sapien sapien non mi. Integer ac neque. Duis bibendum. Morbi non quam nec dui luctus rutrum. Nulla tellus.",
      "package": 62,
      "certification": 62,
      "assigned_to": "7750805133",
      "formfactor": 62,
      "mfg_date": "2020-01-30",
      "vendor": 62,
      "mac_address": "7945138721",
      "configuration": 62,
      "service_log": "Cum sociis natoque penatibus et magnis dis parturient montes, nascetur ridiculus mus. Etiam vel augue. Vestibulum rutrum rutrum neque."
    }
  }, {
    "model": "[dataEntry.system]",
    "pk": 63,
    "fields": {
      "pn": "4",
      "sn": "5066",
      "boards": "5651718427",
      "description": "Nulla ac enim. In tempor, turpis nec euismod scelerisque, quam turpis adipiscing lorem, vitae mattis nibh ligula nec sem. Duis aliquam convallis nunc. Proin at turpis a pede posuere nonummy. Integer non velit. Donec diam neque, vestibulum eget, vulputate ut, ultrices vel, augue. Vestibulum ante ipsum primis in faucibus orci luctus et ultrices posuere cubilia Curae; Donec pharetra, magna vestibulum aliquet ultrices, erat tortor sollicitudin mi, sit amet lobortis sapien sapien non mi. Integer ac neque. Duis bibendum. Morbi non quam nec dui luctus rutrum.",
      "package": 63,
      "certification": 63,
      "assigned_to": "0382129911",
      "formfactor": 63,
      "mfg_date": "2019-12-16",
      "vendor": 63,
      "mac_address": "5707355065",
      "configuration": 63,
      "service_log": "Donec odio justo, sollicitudin ut, suscipit a, feugiat et, eros. Vestibulum ac est lacinia nisi venenatis tristique. Fusce congue, diam id ornare imperdiet, sapien urna pretium nisl, ut volutpat sapien arcu sed augue. Aliquam erat volutpat. In congue. Etiam justo. Etiam pretium iaculis justo."
    }
  }, {
    "model": "[dataEntry.system]",
    "pk": 64,
    "fields": {
      "pn": "08",
      "sn": "09",
      "boards": "6055208253",
      "description": "Vivamus vestibulum sagittis sapien. Cum sociis natoque penatibus et magnis dis parturient montes, nascetur ridiculus mus. Etiam vel augue.",
      "package": 64,
      "certification": 64,
      "assigned_to": "9386631318",
      "formfactor": 64,
      "mfg_date": "2020-03-11",
      "vendor": 64,
      "mac_address": "8807111233",
      "configuration": 64,
      "service_log": "Nunc rhoncus dui vel sem. Sed sagittis. Nam congue, risus semper porta volutpat, quam pede lobortis ligula, sit amet eleifend pede libero quis orci. Nullam molestie nibh in lectus. Pellentesque at nulla. Suspendisse potenti. Cras in purus eu magna vulputate luctus. Cum sociis natoque penatibus et magnis dis parturient montes, nascetur ridiculus mus. Vivamus vestibulum sagittis sapien. Cum sociis natoque penatibus et magnis dis parturient montes, nascetur ridiculus mus."
    }
  }, {
    "model": "[dataEntry.system]",
    "pk": 65,
    "fields": {
      "pn": "5",
      "sn": "102",
      "boards": "4793568947",
      "description": "Cras mi pede, malesuada in, imperdiet et, commodo vulputate, justo. In blandit ultrices enim. Lorem ipsum dolor sit amet, consectetuer adipiscing elit. Proin interdum mauris non ligula pellentesque ultrices. Phasellus id sapien in sapien iaculis congue. Vivamus metus arcu, adipiscing molestie, hendrerit at, vulputate vitae, nisl.",
      "package": 65,
      "certification": 65,
      "assigned_to": "2585456099",
      "formfactor": 65,
      "mfg_date": "2019-10-02",
      "vendor": 65,
      "mac_address": "6150046931",
      "configuration": 65,
      "service_log": "Proin risus. Praesent lectus. Vestibulum quam sapien, varius ut, blandit non, interdum in, ante. Vestibulum ante ipsum primis in faucibus orci luctus et ultrices posuere cubilia Curae; Duis faucibus accumsan odio. Curabitur convallis. Duis consequat dui nec nisi volutpat eleifend."
    }
  }, {
    "model": "[dataEntry.system]",
    "pk": 66,
    "fields": {
      "pn": "889",
      "sn": "186",
      "boards": "5385010359",
      "description": "Praesent blandit. Nam nulla. Integer pede justo, lacinia eget, tincidunt eget, tempus vel, pede. Morbi porttitor lorem id ligula. Suspendisse ornare consequat lectus. In est risus, auctor sed, tristique in, tempus sit amet, sem.",
      "package": 66,
      "certification": 66,
      "assigned_to": "8392471881",
      "formfactor": 66,
      "mfg_date": "2019-04-26",
      "vendor": 66,
      "mac_address": "1914369955",
      "configuration": 66,
      "service_log": "Nam nulla. Integer pede justo, lacinia eget, tincidunt eget, tempus vel, pede. Morbi porttitor lorem id ligula. Suspendisse ornare consequat lectus. In est risus, auctor sed, tristique in, tempus sit amet, sem. Fusce consequat. Nulla nisl."
    }
  }, {
    "model": "[dataEntry.system]",
    "pk": 67,
    "fields": {
      "pn": "19541",
      "sn": "708",
      "boards": "0692974946",
      "description": "Vestibulum ante ipsum primis in faucibus orci luctus et ultrices posuere cubilia Curae; Mauris viverra diam vitae quam. Suspendisse potenti. Nullam porttitor lacus at turpis. Donec posuere metus vitae ipsum. Aliquam non mauris. Morbi non lectus. Aliquam sit amet diam in magna bibendum imperdiet. Nullam orci pede, venenatis non, sodales sed, tincidunt eu, felis. Fusce posuere felis sed lacus. Morbi sem mauris, laoreet ut, rhoncus aliquet, pulvinar sed, nisl.",
      "package": 67,
      "certification": 67,
      "assigned_to": "5154436970",
      "formfactor": 67,
      "mfg_date": "2019-08-26",
      "vendor": 67,
      "mac_address": "0168904071",
      "configuration": 67,
      "service_log": "Aenean fermentum. Donec ut mauris eget massa tempor convallis. Nulla neque libero, convallis eget, eleifend luctus, ultricies eu, nibh."
    }
  }, {
    "model": "[dataEntry.system]",
    "pk": 68,
    "fields": {
      "pn": "73",
      "sn": "50",
      "boards": "2405197057",
      "description": "Donec posuere metus vitae ipsum. Aliquam non mauris. Morbi non lectus. Aliquam sit amet diam in magna bibendum imperdiet. Nullam orci pede, venenatis non, sodales sed, tincidunt eu, felis. Fusce posuere felis sed lacus. Morbi sem mauris, laoreet ut, rhoncus aliquet, pulvinar sed, nisl. Nunc rhoncus dui vel sem.",
      "package": 68,
      "certification": 68,
      "assigned_to": "9937689228",
      "formfactor": 68,
      "mfg_date": "2019-08-22",
      "vendor": 68,
      "mac_address": "0989215385",
      "configuration": 68,
      "service_log": "Donec odio justo, sollicitudin ut, suscipit a, feugiat et, eros. Vestibulum ac est lacinia nisi venenatis tristique."
    }
  }, {
    "model": "[dataEntry.system]",
    "pk": 69,
    "fields": {
      "pn": "08",
      "sn": "71166",
      "boards": "5883839975",
      "description": "In hac habitasse platea dictumst. Etiam faucibus cursus urna.",
      "package": 69,
      "certification": 69,
      "assigned_to": "3019475562",
      "formfactor": 69,
      "mfg_date": "2020-03-05",
      "vendor": 69,
      "mac_address": "6035651844",
      "configuration": 69,
      "service_log": "Vestibulum ante ipsum primis in faucibus orci luctus et ultrices posuere cubilia Curae; Mauris viverra diam vitae quam. Suspendisse potenti. Nullam porttitor lacus at turpis. Donec posuere metus vitae ipsum."
    }
  }, {
    "model": "[dataEntry.system]",
    "pk": 70,
    "fields": {
      "pn": "6",
      "sn": "2",
      "boards": "2796400077",
      "description": "Aenean fermentum. Donec ut mauris eget massa tempor convallis. Nulla neque libero, convallis eget, eleifend luctus, ultricies eu, nibh. Quisque id justo sit amet sapien dignissim vestibulum. Vestibulum ante ipsum primis in faucibus orci luctus et ultrices posuere cubilia Curae; Nulla dapibus dolor vel est. Donec odio justo, sollicitudin ut, suscipit a, feugiat et, eros.",
      "package": 70,
      "certification": 70,
      "assigned_to": "8216219733",
      "formfactor": 70,
      "mfg_date": "2019-04-16",
      "vendor": 70,
      "mac_address": "0900568755",
      "configuration": 70,
      "service_log": "In blandit ultrices enim. Lorem ipsum dolor sit amet, consectetuer adipiscing elit. Proin interdum mauris non ligula pellentesque ultrices."
    }
  }, {
    "model": "[dataEntry.system]",
    "pk": 71,
    "fields": {
      "pn": "11",
      "sn": "1",
      "boards": "5926816785",
      "description": "Integer ac leo. Pellentesque ultrices mattis odio. Donec vitae nisi. Nam ultrices, libero non mattis pulvinar, nulla pede ullamcorper augue, a suscipit nulla elit ac nulla. Sed vel enim sit amet nunc viverra dapibus. Nulla suscipit ligula in lacus. Curabitur at ipsum ac tellus semper interdum. Mauris ullamcorper purus sit amet nulla. Quisque arcu libero, rutrum ac, lobortis vel, dapibus at, diam. Nam tristique tortor eu pede.",
      "package": 71,
      "certification": 71,
      "assigned_to": "5553275016",
      "formfactor": 71,
      "mfg_date": "2020-02-29",
      "vendor": 71,
      "mac_address": "3178857222",
      "configuration": 71,
      "service_log": "Donec posuere metus vitae ipsum. Aliquam non mauris. Morbi non lectus. Aliquam sit amet diam in magna bibendum imperdiet. Nullam orci pede, venenatis non, sodales sed, tincidunt eu, felis."
    }
  }, {
    "model": "[dataEntry.system]",
    "pk": 72,
    "fields": {
      "pn": "8",
      "sn": "25648",
      "boards": "1971358517",
      "description": "Cras mi pede, malesuada in, imperdiet et, commodo vulputate, justo. In blandit ultrices enim. Lorem ipsum dolor sit amet, consectetuer adipiscing elit. Proin interdum mauris non ligula pellentesque ultrices. Phasellus id sapien in sapien iaculis congue. Vivamus metus arcu, adipiscing molestie, hendrerit at, vulputate vitae, nisl. Aenean lectus. Pellentesque eget nunc. Donec quis orci eget orci vehicula condimentum. Curabitur in libero ut massa volutpat convallis.",
      "package": 72,
      "certification": 72,
      "assigned_to": "3815275598",
      "formfactor": 72,
      "mfg_date": "2019-12-16",
      "vendor": 72,
      "mac_address": "5057248707",
      "configuration": 72,
      "service_log": "Aliquam sit amet diam in magna bibendum imperdiet. Nullam orci pede, venenatis non, sodales sed, tincidunt eu, felis. Fusce posuere felis sed lacus. Morbi sem mauris, laoreet ut, rhoncus aliquet, pulvinar sed, nisl. Nunc rhoncus dui vel sem."
    }
  }, {
    "model": "[dataEntry.system]",
    "pk": 73,
    "fields": {
      "pn": "2",
      "sn": "18",
      "boards": "8377389274",
      "description": "Praesent blandit. Nam nulla.",
      "package": 73,
      "certification": 73,
      "assigned_to": "5171509549",
      "formfactor": 73,
      "mfg_date": "2019-08-14",
      "vendor": 73,
      "mac_address": "0012916927",
      "configuration": 73,
      "service_log": "Morbi vestibulum, velit id pretium iaculis, diam erat fermentum justo, nec condimentum neque sapien placerat ante. Nulla justo."
    }
  }, {
    "model": "[dataEntry.system]",
    "pk": 74,
    "fields": {
      "pn": "50",
      "sn": "7793",
      "boards": "5471342208",
      "description": "Proin risus.",
      "package": 74,
      "certification": 74,
      "assigned_to": "3859774689",
      "formfactor": 74,
      "mfg_date": "2020-03-26",
      "vendor": 74,
      "mac_address": "0951910655",
      "configuration": 74,
      "service_log": "In hac habitasse platea dictumst. Etiam faucibus cursus urna. Ut tellus. Nulla ut erat id mauris vulputate elementum. Nullam varius. Nulla facilisi. Cras non velit nec nisi vulputate nonummy."
    }
  }, {
    "model": "[dataEntry.system]",
    "pk": 75,
    "fields": {
      "pn": "801",
      "sn": "3855",
      "boards": "5248749832",
      "description": "In hac habitasse platea dictumst. Morbi vestibulum, velit id pretium iaculis, diam erat fermentum justo, nec condimentum neque sapien placerat ante.",
      "package": 75,
      "certification": 75,
      "assigned_to": "8048890704",
      "formfactor": 75,
      "mfg_date": "2020-03-10",
      "vendor": 75,
      "mac_address": "5399469170",
      "configuration": 75,
      "service_log": "Praesent blandit. Nam nulla. Integer pede justo, lacinia eget, tincidunt eget, tempus vel, pede. Morbi porttitor lorem id ligula."
    }
  }, {
    "model": "[dataEntry.system]",
    "pk": 76,
    "fields": {
      "pn": "89430",
      "sn": "51855",
      "boards": "7833444596",
      "description": "Suspendisse potenti. Nullam porttitor lacus at turpis.",
      "package": 76,
      "certification": 76,
      "assigned_to": "0190341084",
      "formfactor": 76,
      "mfg_date": "2019-09-16",
      "vendor": 76,
      "mac_address": "3340384916",
      "configuration": 76,
      "service_log": "Phasellus in felis."
    }
  }, {
    "model": "[dataEntry.system]",
    "pk": 77,
    "fields": {
      "pn": "79",
      "sn": "2",
      "boards": "9955143371",
      "description": "Maecenas tincidunt lacus at velit. Vivamus vel nulla eget eros elementum pellentesque. Quisque porta volutpat erat. Quisque erat eros, viverra eget, congue eget, semper rutrum, nulla. Nunc purus. Phasellus in felis. Donec semper sapien a libero.",
      "package": 77,
      "certification": 77,
      "assigned_to": "6293476360",
      "formfactor": 77,
      "mfg_date": "2019-06-27",
      "vendor": 77,
      "mac_address": "9670979668",
      "configuration": 77,
      "service_log": "Nulla justo. Aliquam quis turpis eget elit sodales scelerisque. Mauris sit amet eros. Suspendisse accumsan tortor quis turpis. Sed ante."
    }
  }, {
    "model": "[dataEntry.system]",
    "pk": 78,
    "fields": {
      "pn": "9",
      "sn": "204",
      "boards": "2161557556",
      "description": "Pellentesque eget nunc. Donec quis orci eget orci vehicula condimentum. Curabitur in libero ut massa volutpat convallis. Morbi odio odio, elementum eu, interdum eu, tincidunt in, leo. Maecenas pulvinar lobortis est. Phasellus sit amet erat. Nulla tempus. Vivamus in felis eu sapien cursus vestibulum. Proin eu mi. Nulla ac enim.",
      "package": 78,
      "certification": 78,
      "assigned_to": "8100092923",
      "formfactor": 78,
      "mfg_date": "2019-11-05",
      "vendor": 78,
      "mac_address": "1633027139",
      "configuration": 78,
      "service_log": "Mauris ullamcorper purus sit amet nulla. Quisque arcu libero, rutrum ac, lobortis vel, dapibus at, diam. Nam tristique tortor eu pede."
    }
  }, {
    "model": "[dataEntry.system]",
    "pk": 79,
    "fields": {
      "pn": "1",
      "sn": "19",
      "boards": "7807859571",
      "description": "In hac habitasse platea dictumst. Morbi vestibulum, velit id pretium iaculis, diam erat fermentum justo, nec condimentum neque sapien placerat ante. Nulla justo.",
      "package": 79,
      "certification": 79,
      "assigned_to": "1768604584",
      "formfactor": 79,
      "mfg_date": "2019-05-04",
      "vendor": 79,
      "mac_address": "2525332296",
      "configuration": 79,
      "service_log": "Pellentesque viverra pede ac diam. Cras pellentesque volutpat dui. Maecenas tristique, est et tempus semper, est quam pharetra magna, ac consequat metus sapien ut nunc. Vestibulum ante ipsum primis in faucibus orci luctus et ultrices posuere cubilia Curae; Mauris viverra diam vitae quam. Suspendisse potenti. Nullam porttitor lacus at turpis. Donec posuere metus vitae ipsum."
    }
  }, {
    "model": "[dataEntry.system]",
    "pk": 80,
    "fields": {
      "pn": "94",
      "sn": "77",
      "boards": "2150116073",
      "description": "Nulla justo. Aliquam quis turpis eget elit sodales scelerisque. Mauris sit amet eros. Suspendisse accumsan tortor quis turpis. Sed ante. Vivamus tortor. Duis mattis egestas metus. Aenean fermentum. Donec ut mauris eget massa tempor convallis.",
      "package": 80,
      "certification": 80,
      "assigned_to": "0797330658",
      "formfactor": 80,
      "mfg_date": "2019-07-02",
      "vendor": 80,
      "mac_address": "0116471522",
      "configuration": 80,
      "service_log": "Morbi vestibulum, velit id pretium iaculis, diam erat fermentum justo, nec condimentum neque sapien placerat ante. Nulla justo. Aliquam quis turpis eget elit sodales scelerisque. Mauris sit amet eros. Suspendisse accumsan tortor quis turpis. Sed ante. Vivamus tortor. Duis mattis egestas metus. Aenean fermentum."
    }
  }, {
    "model": "[dataEntry.system]",
    "pk": 81,
    "fields": {
      "pn": "95",
      "sn": "8904",
      "boards": "6807925743",
      "description": "Pellentesque ultrices mattis odio. Donec vitae nisi. Nam ultrices, libero non mattis pulvinar, nulla pede ullamcorper augue, a suscipit nulla elit ac nulla. Sed vel enim sit amet nunc viverra dapibus. Nulla suscipit ligula in lacus. Curabitur at ipsum ac tellus semper interdum. Mauris ullamcorper purus sit amet nulla. Quisque arcu libero, rutrum ac, lobortis vel, dapibus at, diam. Nam tristique tortor eu pede.",
      "package": 81,
      "certification": 81,
      "assigned_to": "2620613817",
      "formfactor": 81,
      "mfg_date": "2019-04-30",
      "vendor": 81,
      "mac_address": "4258411809",
      "configuration": 81,
      "service_log": "Vestibulum rutrum rutrum neque. Aenean auctor gravida sem. Praesent id massa id nisl venenatis lacinia."
    }
  }, {
    "model": "[dataEntry.system]",
    "pk": 82,
    "fields": {
      "pn": "0358",
      "sn": "4",
      "boards": "3546497155",
      "description": "Morbi vel lectus in quam fringilla rhoncus. Mauris enim leo, rhoncus sed, vestibulum sit amet, cursus id, turpis. Integer aliquet, massa id lobortis convallis, tortor risus dapibus augue, vel accumsan tellus nisi eu orci. Mauris lacinia sapien quis libero. Nullam sit amet turpis elementum ligula vehicula consequat. Morbi a ipsum. Integer a nibh. In quis justo. Maecenas rhoncus aliquam lacus.",
      "package": 82,
      "certification": 82,
      "assigned_to": "6602836846",
      "formfactor": 82,
      "mfg_date": "2019-12-20",
      "vendor": 82,
      "mac_address": "0421927763",
      "configuration": 82,
      "service_log": "Proin leo odio, porttitor id, consequat in, consequat ut, nulla."
    }
  }, {
    "model": "[dataEntry.system]",
    "pk": 83,
    "fields": {
      "pn": "54790",
      "sn": "0",
      "boards": "3878383290",
      "description": "Nulla neque libero, convallis eget, eleifend luctus, ultricies eu, nibh. Quisque id justo sit amet sapien dignissim vestibulum. Vestibulum ante ipsum primis in faucibus orci luctus et ultrices posuere cubilia Curae; Nulla dapibus dolor vel est. Donec odio justo, sollicitudin ut, suscipit a, feugiat et, eros. Vestibulum ac est lacinia nisi venenatis tristique. Fusce congue, diam id ornare imperdiet, sapien urna pretium nisl, ut volutpat sapien arcu sed augue.",
      "package": 83,
      "certification": 83,
      "assigned_to": "8241430000",
      "formfactor": 83,
      "mfg_date": "2019-09-05",
      "vendor": 83,
      "mac_address": "5706116350",
      "configuration": 83,
      "service_log": "Morbi vel lectus in quam fringilla rhoncus. Mauris enim leo, rhoncus sed, vestibulum sit amet, cursus id, turpis. Integer aliquet, massa id lobortis convallis, tortor risus dapibus augue, vel accumsan tellus nisi eu orci. Mauris lacinia sapien quis libero. Nullam sit amet turpis elementum ligula vehicula consequat. Morbi a ipsum. Integer a nibh. In quis justo. Maecenas rhoncus aliquam lacus. Morbi quis tortor id nulla ultrices aliquet."
    }
  }, {
    "model": "[dataEntry.system]",
    "pk": 84,
    "fields": {
      "pn": "43045",
      "sn": "103",
      "boards": "2864290030",
      "description": "Duis ac nibh. Fusce lacus purus, aliquet at, feugiat non, pretium quis, lectus. Suspendisse potenti. In eleifend quam a odio. In hac habitasse platea dictumst. Maecenas ut massa quis augue luctus tincidunt. Nulla mollis molestie lorem.",
      "package": 84,
      "certification": 84,
      "assigned_to": "0228395402",
      "formfactor": 84,
      "mfg_date": "2020-01-10",
      "vendor": 84,
      "mac_address": "3616149932",
      "configuration": 84,
      "service_log": "Quisque porta volutpat erat. Quisque erat eros, viverra eget, congue eget, semper rutrum, nulla. Nunc purus. Phasellus in felis. Donec semper sapien a libero. Nam dui. Proin leo odio, porttitor id, consequat in, consequat ut, nulla. Sed accumsan felis. Ut at dolor quis odio consequat varius."
    }
  }, {
    "model": "[dataEntry.system]",
    "pk": 85,
    "fields": {
      "pn": "09",
      "sn": "8",
      "boards": "3248318880",
      "description": "Duis at velit eu est congue elementum. In hac habitasse platea dictumst. Morbi vestibulum, velit id pretium iaculis, diam erat fermentum justo, nec condimentum neque sapien placerat ante. Nulla justo. Aliquam quis turpis eget elit sodales scelerisque. Mauris sit amet eros. Suspendisse accumsan tortor quis turpis.",
      "package": 85,
      "certification": 85,
      "assigned_to": "3502834636",
      "formfactor": 85,
      "mfg_date": "2019-04-02",
      "vendor": 85,
      "mac_address": "0988288478",
      "configuration": 85,
      "service_log": "Duis bibendum. Morbi non quam nec dui luctus rutrum. Nulla tellus. In sagittis dui vel nisl. Duis ac nibh. Fusce lacus purus, aliquet at, feugiat non, pretium quis, lectus. Suspendisse potenti."
    }
  }, {
    "model": "[dataEntry.system]",
    "pk": 86,
    "fields": {
      "pn": "984",
      "sn": "14",
      "boards": "6406298179",
      "description": "Maecenas tincidunt lacus at velit. Vivamus vel nulla eget eros elementum pellentesque. Quisque porta volutpat erat. Quisque erat eros, viverra eget, congue eget, semper rutrum, nulla. Nunc purus. Phasellus in felis. Donec semper sapien a libero. Nam dui.",
      "package": 86,
      "certification": 86,
      "assigned_to": "9965237158",
      "formfactor": 86,
      "mfg_date": "2020-03-07",
      "vendor": 86,
      "mac_address": "7598700060",
      "configuration": 86,
      "service_log": "Phasellus sit amet erat. Nulla tempus. Vivamus in felis eu sapien cursus vestibulum. Proin eu mi. Nulla ac enim. In tempor, turpis nec euismod scelerisque, quam turpis adipiscing lorem, vitae mattis nibh ligula nec sem. Duis aliquam convallis nunc. Proin at turpis a pede posuere nonummy."
    }
  }, {
    "model": "[dataEntry.system]",
    "pk": 87,
    "fields": {
      "pn": "045",
      "sn": "63",
      "boards": "3261275456",
      "description": "Duis consequat dui nec nisi volutpat eleifend. Donec ut dolor.",
      "package": 87,
      "certification": 87,
      "assigned_to": "9188105776",
      "formfactor": 87,
      "mfg_date": "2019-12-29",
      "vendor": 87,
      "mac_address": "6005958887",
      "configuration": 87,
      "service_log": "Nulla mollis molestie lorem. Quisque ut erat. Curabitur gravida nisi at nibh. In hac habitasse platea dictumst. Aliquam augue quam, sollicitudin vitae, consectetuer eget, rutrum at, lorem. Integer tincidunt ante vel ipsum. Praesent blandit lacinia erat. Vestibulum sed magna at nunc commodo placerat. Praesent blandit."
    }
  }, {
    "model": "[dataEntry.system]",
    "pk": 88,
    "fields": {
      "pn": "0751",
      "sn": "20",
      "boards": "2407482220",
      "description": "Integer a nibh. In quis justo.",
      "package": 88,
      "certification": 88,
      "assigned_to": "4289256406",
      "formfactor": 88,
      "mfg_date": "2019-12-12",
      "vendor": 88,
      "mac_address": "2304920586",
      "configuration": 88,
      "service_log": "Proin at turpis a pede posuere nonummy. Integer non velit. Donec diam neque, vestibulum eget, vulputate ut, ultrices vel, augue. Vestibulum ante ipsum primis in faucibus orci luctus et ultrices posuere cubilia Curae; Donec pharetra, magna vestibulum aliquet ultrices, erat tortor sollicitudin mi, sit amet lobortis sapien sapien non mi. Integer ac neque. Duis bibendum. Morbi non quam nec dui luctus rutrum. Nulla tellus. In sagittis dui vel nisl."
    }
  }, {
    "model": "[dataEntry.system]",
    "pk": 89,
    "fields": {
      "pn": "63",
      "sn": "481",
      "boards": "6753987045",
      "description": "Morbi vestibulum, velit id pretium iaculis, diam erat fermentum justo, nec condimentum neque sapien placerat ante. Nulla justo.",
      "package": 89,
      "certification": 89,
      "assigned_to": "0085107174",
      "formfactor": 89,
      "mfg_date": "2019-10-09",
      "vendor": 89,
      "mac_address": "4450065956",
      "configuration": 89,
      "service_log": "Duis at velit eu est congue elementum. In hac habitasse platea dictumst. Morbi vestibulum, velit id pretium iaculis, diam erat fermentum justo, nec condimentum neque sapien placerat ante. Nulla justo. Aliquam quis turpis eget elit sodales scelerisque. Mauris sit amet eros. Suspendisse accumsan tortor quis turpis. Sed ante."
    }
  }, {
    "model": "[dataEntry.system]",
    "pk": 90,
    "fields": {
      "pn": "63",
      "sn": "477",
      "boards": "2403103144",
      "description": "Aliquam erat volutpat.",
      "package": 90,
      "certification": 90,
      "assigned_to": "3987548525",
      "formfactor": 90,
      "mfg_date": "2019-11-11",
      "vendor": 90,
      "mac_address": "8884727359",
      "configuration": 90,
      "service_log": "Aenean lectus. Pellentesque eget nunc. Donec quis orci eget orci vehicula condimentum. Curabitur in libero ut massa volutpat convallis. Morbi odio odio, elementum eu, interdum eu, tincidunt in, leo. Maecenas pulvinar lobortis est. Phasellus sit amet erat. Nulla tempus. Vivamus in felis eu sapien cursus vestibulum."
    }
  }, {
    "model": "[dataEntry.system]",
    "pk": 91,
    "fields": {
      "pn": "29",
      "sn": "426",
      "boards": "7711399618",
      "description": "Aliquam quis turpis eget elit sodales scelerisque. Mauris sit amet eros. Suspendisse accumsan tortor quis turpis. Sed ante. Vivamus tortor. Duis mattis egestas metus. Aenean fermentum. Donec ut mauris eget massa tempor convallis. Nulla neque libero, convallis eget, eleifend luctus, ultricies eu, nibh. Quisque id justo sit amet sapien dignissim vestibulum.",
      "package": 91,
      "certification": 91,
      "assigned_to": "0238976769",
      "formfactor": 91,
      "mfg_date": "2019-07-16",
      "vendor": 91,
      "mac_address": "0778303896",
      "configuration": 91,
      "service_log": "Maecenas tristique, est et tempus semper, est quam pharetra magna, ac consequat metus sapien ut nunc. Vestibulum ante ipsum primis in faucibus orci luctus et ultrices posuere cubilia Curae; Mauris viverra diam vitae quam. Suspendisse potenti. Nullam porttitor lacus at turpis. Donec posuere metus vitae ipsum. Aliquam non mauris. Morbi non lectus."
    }
  }, {
    "model": "[dataEntry.system]",
    "pk": 92,
    "fields": {
      "pn": "68",
      "sn": "0",
      "boards": "9465669636",
      "description": "Vestibulum ante ipsum primis in faucibus orci luctus et ultrices posuere cubilia Curae; Duis faucibus accumsan odio. Curabitur convallis. Duis consequat dui nec nisi volutpat eleifend. Donec ut dolor. Morbi vel lectus in quam fringilla rhoncus. Mauris enim leo, rhoncus sed, vestibulum sit amet, cursus id, turpis. Integer aliquet, massa id lobortis convallis, tortor risus dapibus augue, vel accumsan tellus nisi eu orci. Mauris lacinia sapien quis libero. Nullam sit amet turpis elementum ligula vehicula consequat.",
      "package": 92,
      "certification": 92,
      "assigned_to": "6070807014",
      "formfactor": 92,
      "mfg_date": "2020-02-07",
      "vendor": 92,
      "mac_address": "5230126809",
      "configuration": 92,
      "service_log": "Morbi vestibulum, velit id pretium iaculis, diam erat fermentum justo, nec condimentum neque sapien placerat ante. Nulla justo. Aliquam quis turpis eget elit sodales scelerisque. Mauris sit amet eros. Suspendisse accumsan tortor quis turpis. Sed ante. Vivamus tortor. Duis mattis egestas metus. Aenean fermentum."
    }
  }, {
    "model": "[dataEntry.system]",
    "pk": 93,
    "fields": {
      "pn": "590",
      "sn": "6689",
      "boards": "2307330291",
      "description": "Maecenas leo odio, condimentum id, luctus nec, molestie sed, justo. Pellentesque viverra pede ac diam. Cras pellentesque volutpat dui. Maecenas tristique, est et tempus semper, est quam pharetra magna, ac consequat metus sapien ut nunc. Vestibulum ante ipsum primis in faucibus orci luctus et ultrices posuere cubilia Curae; Mauris viverra diam vitae quam.",
      "package": 93,
      "certification": 93,
      "assigned_to": "1490798226",
      "formfactor": 93,
      "mfg_date": "2019-10-05",
      "vendor": 93,
      "mac_address": "7412993402",
      "configuration": 93,
      "service_log": "Fusce lacus purus, aliquet at, feugiat non, pretium quis, lectus. Suspendisse potenti. In eleifend quam a odio. In hac habitasse platea dictumst. Maecenas ut massa quis augue luctus tincidunt. Nulla mollis molestie lorem. Quisque ut erat. Curabitur gravida nisi at nibh. In hac habitasse platea dictumst. Aliquam augue quam, sollicitudin vitae, consectetuer eget, rutrum at, lorem."
    }
  }, {
    "model": "[dataEntry.system]",
    "pk": 94,
    "fields": {
      "pn": "8",
      "sn": "08067",
      "boards": "5279729205",
      "description": "Donec odio justo, sollicitudin ut, suscipit a, feugiat et, eros. Vestibulum ac est lacinia nisi venenatis tristique. Fusce congue, diam id ornare imperdiet, sapien urna pretium nisl, ut volutpat sapien arcu sed augue. Aliquam erat volutpat. In congue. Etiam justo.",
      "package": 94,
      "certification": 94,
      "assigned_to": "0226894649",
      "formfactor": 94,
      "mfg_date": "2019-07-25",
      "vendor": 94,
      "mac_address": "0049266284",
      "configuration": 94,
      "service_log": "Quisque erat eros, viverra eget, congue eget, semper rutrum, nulla. Nunc purus."
    }
  }, {
    "model": "[dataEntry.system]",
    "pk": 95,
    "fields": {
      "pn": "12",
      "sn": "79",
      "boards": "5475881197",
      "description": "Nulla suscipit ligula in lacus. Curabitur at ipsum ac tellus semper interdum. Mauris ullamcorper purus sit amet nulla. Quisque arcu libero, rutrum ac, lobortis vel, dapibus at, diam.",
      "package": 95,
      "certification": 95,
      "assigned_to": "3070642667",
      "formfactor": 95,
      "mfg_date": "2019-10-23",
      "vendor": 95,
      "mac_address": "2980873829",
      "configuration": 95,
      "service_log": "Vivamus metus arcu, adipiscing molestie, hendrerit at, vulputate vitae, nisl. Aenean lectus. Pellentesque eget nunc. Donec quis orci eget orci vehicula condimentum. Curabitur in libero ut massa volutpat convallis."
    }
  }, {
    "model": "[dataEntry.system]",
    "pk": 96,
    "fields": {
      "pn": "56",
      "sn": "44",
      "boards": "6615521423",
      "description": "Vestibulum rutrum rutrum neque. Aenean auctor gravida sem. Praesent id massa id nisl venenatis lacinia. Aenean sit amet justo. Morbi ut odio. Cras mi pede, malesuada in, imperdiet et, commodo vulputate, justo. In blandit ultrices enim.",
      "package": 96,
      "certification": 96,
      "assigned_to": "6920489031",
      "formfactor": 96,
      "mfg_date": "2019-08-24",
      "vendor": 96,
      "mac_address": "0126695547",
      "configuration": 96,
      "service_log": "Vivamus metus arcu, adipiscing molestie, hendrerit at, vulputate vitae, nisl. Aenean lectus. Pellentesque eget nunc. Donec quis orci eget orci vehicula condimentum. Curabitur in libero ut massa volutpat convallis. Morbi odio odio, elementum eu, interdum eu, tincidunt in, leo. Maecenas pulvinar lobortis est."
    }
  }, {
    "model": "[dataEntry.system]",
    "pk": 97,
    "fields": {
      "pn": "6",
      "sn": "9",
      "boards": "4216584381",
      "description": "Vestibulum sed magna at nunc commodo placerat. Praesent blandit. Nam nulla. Integer pede justo, lacinia eget, tincidunt eget, tempus vel, pede. Morbi porttitor lorem id ligula.",
      "package": 97,
      "certification": 97,
      "assigned_to": "5071591472",
      "formfactor": 97,
      "mfg_date": "2019-08-01",
      "vendor": 97,
      "mac_address": "2884156100",
      "configuration": 97,
      "service_log": "Curabitur gravida nisi at nibh. In hac habitasse platea dictumst. Aliquam augue quam, sollicitudin vitae, consectetuer eget, rutrum at, lorem. Integer tincidunt ante vel ipsum. Praesent blandit lacinia erat. Vestibulum sed magna at nunc commodo placerat. Praesent blandit."
    }
  }, {
    "model": "[dataEntry.system]",
    "pk": 98,
    "fields": {
      "pn": "33",
      "sn": "96",
      "boards": "5688837632",
      "description": "In hac habitasse platea dictumst. Aliquam augue quam, sollicitudin vitae, consectetuer eget, rutrum at, lorem. Integer tincidunt ante vel ipsum.",
      "package": 98,
      "certification": 98,
      "assigned_to": "0025725866",
      "formfactor": 98,
      "mfg_date": "2019-07-09",
      "vendor": 98,
      "mac_address": "9785714721",
      "configuration": 98,
      "service_log": "Vestibulum ante ipsum primis in faucibus orci luctus et ultrices posuere cubilia Curae; Donec pharetra, magna vestibulum aliquet ultrices, erat tortor sollicitudin mi, sit amet lobortis sapien sapien non mi. Integer ac neque."
    }
  }, {
    "model": "[dataEntry.system]",
    "pk": 99,
    "fields": {
      "pn": "05",
      "sn": "030",
      "boards": "0830795596",
      "description": "Ut at dolor quis odio consequat varius. Integer ac leo. Pellentesque ultrices mattis odio. Donec vitae nisi. Nam ultrices, libero non mattis pulvinar, nulla pede ullamcorper augue, a suscipit nulla elit ac nulla.",
      "package": 99,
      "certification": 99,
      "assigned_to": "0873913388",
      "formfactor": 99,
      "mfg_date": "2019-12-07",
      "vendor": 99,
      "mac_address": "1094322148",
      "configuration": 99,
      "service_log": "In blandit ultrices enim. Lorem ipsum dolor sit amet, consectetuer adipiscing elit. Proin interdum mauris non ligula pellentesque ultrices. Phasellus id sapien in sapien iaculis congue. Vivamus metus arcu, adipiscing molestie, hendrerit at, vulputate vitae, nisl. Aenean lectus. Pellentesque eget nunc. Donec quis orci eget orci vehicula condimentum. Curabitur in libero ut massa volutpat convallis."
    }
  }, {
    "model": "[dataEntry.system]",
    "pk": 100,
    "fields": {
      "pn": "2187",
      "sn": "1052",
      "boards": "7029271726",
      "description": "Pellentesque at nulla. Suspendisse potenti. Cras in purus eu magna vulputate luctus. Cum sociis natoque penatibus et magnis dis parturient montes, nascetur ridiculus mus. Vivamus vestibulum sagittis sapien. Cum sociis natoque penatibus et magnis dis parturient montes, nascetur ridiculus mus.",
      "package": 100,
      "certification": 100,
      "assigned_to": "8835521912",
      "formfactor": 100,
      "mfg_date": "2019-10-07",
      "vendor": 100,
      "mac_address": "7697453568",
      "configuration": 100,
      "service_log": "Donec semper sapien a libero. Nam dui. Proin leo odio, porttitor id, consequat in, consequat ut, nulla. Sed accumsan felis."
    }
  }]