[
  {
    "model": "products.board",
    "pk": 1,
    "fields": {
      "pn": "0634957627",
      "sn": "4840586527",
      "chips": [1],
      "description": "Vivamus tortor. Duis mattis egestas metus. Aenean fermentum. Donec ut mauris eget massa tempor convallis. Nulla neque libero, convallis eget, eleifend luctus, ultricies eu, nibh. Quisque id justo sit amet sapien dignissim vestibulum.",
      "certification": [1],
      "assigned_to": "5885041709",
      "mfg_date": "2019-12-16",
      "vendor": [1],
      "mac_address": "8103202002",
      "service_log": "Maecenas pulvinar lobortis est."
    }
  },
  {
    "model": "products.board",
    "pk": 2,
    "fields": {
      "pn": "7539094400",
      "sn": "6413987901",
      "chips": [9, 2],
      "description": "Duis at velit eu est congue elementum. In hac habitasse platea dictumst. Morbi vestibulum, velit id pretium iaculis, diam erat fermentum justo, nec condimentum neque sapien placerat ante. Nulla justo. Aliquam quis turpis eget elit sodales scelerisque. Mauris sit amet eros. Suspendisse accumsan tortor quis turpis. Sed ante. Vivamus tortor. Duis mattis egestas metus.",
      "certification": [2],
      "assigned_to": "7047048553",
      "mfg_date": "2019-07-08",
      "vendor": [2],
      "mac_address": "9356321647",
      "service_log": "In hac habitasse platea dictumst. Maecenas ut massa quis augue luctus tincidunt. Nulla mollis molestie lorem. Quisque ut erat."
    }
  },
  {
    "model": "products.board",
    "pk": 3,
    "fields": {
      "pn": "5406039423",
      "sn": "2454484161",
      "chips": [3],
      "description": "Maecenas rhoncus aliquam lacus.",
      "certification": [3],
      "assigned_to": "4995228284",
      "mfg_date": "2019-08-06",
      "vendor": [3],
      "mac_address": "2129335802",
      "service_log": "Aenean auctor gravida sem."
    }
  },
  {
    "model": "products.board",
    "pk": 4,
    "fields": {
      "pn": "1494922940",
      "sn": "1047846713",
      "chips": [4],
      "description": "Vestibulum quam sapien, varius ut, blandit non, interdum in, ante.",
      "certification": [4],
      "assigned_to": "6162883639",
      "mfg_date": "2019-06-06",
      "vendor": [4],
      "mac_address": "9322487704",
      "service_log": "Nam dui. Proin leo odio, porttitor id, consequat in, consequat ut, nulla. Sed accumsan felis. Ut at dolor quis odio consequat varius. Integer ac leo. Pellentesque ultrices mattis odio. Donec vitae nisi. Nam ultrices, libero non mattis pulvinar, nulla pede ullamcorper augue, a suscipit nulla elit ac nulla. Sed vel enim sit amet nunc viverra dapibus."
    }
  },
  {
    "model": "products.board",
    "pk": 5,
    "fields": {
      "pn": "4033116737",
      "sn": "5391900719",
      "chips": [5],
      "description": "Cum sociis natoque penatibus et magnis dis parturient montes, nascetur ridiculus mus. Vivamus vestibulum sagittis sapien.",
      "certification": [5],
      "assigned_to": "3769804228",
      "mfg_date": "2020-02-22",
      "vendor": [5],
      "mac_address": "2775999182",
      "service_log": "Nullam molestie nibh in lectus. Pellentesque at nulla. Suspendisse potenti. Cras in purus eu magna vulputate luctus. Cum sociis natoque penatibus et magnis dis parturient montes, nascetur ridiculus mus. Vivamus vestibulum sagittis sapien. Cum sociis natoque penatibus et magnis dis parturient montes, nascetur ridiculus mus."
    }
  },
  {
    "model": "products.board",
    "pk": 6,
    "fields": {
      "pn": "3714499962",
      "sn": "4112334974",
      "chips": [6],
      "description": "Integer ac neque. Duis bibendum. Morbi non quam nec dui luctus rutrum.",
      "certification": [6],
      "assigned_to": "9922945088",
      "mfg_date": "2019-09-15",
      "vendor": [6],
      "mac_address": "8569269471",
      "service_log": "Nam congue, risus semper porta volutpat, quam pede lobortis ligula, sit amet eleifend pede libero quis orci. Nullam molestie nibh in lectus. Pellentesque at nulla. Suspendisse potenti. Cras in purus eu magna vulputate luctus. Cum sociis natoque penatibus et magnis dis parturient montes, nascetur ridiculus mus. Vivamus vestibulum sagittis sapien. Cum sociis natoque penatibus et magnis dis parturient montes, nascetur ridiculus mus. Etiam vel augue. Vestibulum rutrum rutrum neque."
    }
  },
  {
    "model": "products.board",
    "pk": 7,
    "fields": {
      "pn": "7400711660",
      "sn": "4223247832",
      "chips": [7],
      "description": "Aenean auctor gravida sem. Praesent id massa id nisl venenatis lacinia. Aenean sit amet justo. Morbi ut odio. Cras mi pede, malesuada in, imperdiet et, commodo vulputate, justo. In blandit ultrices enim. Lorem ipsum dolor sit amet, consectetuer adipiscing elit. Proin interdum mauris non ligula pellentesque ultrices.",
      "certification": [7, 4],
      "assigned_to": "3339380058",
      "mfg_date": "2019-12-01",
      "vendor": [7],
      "mac_address": "2690786494",
      "service_log": "Pellentesque ultrices mattis odio. Donec vitae nisi. Nam ultrices, libero non mattis pulvinar, nulla pede ullamcorper augue, a suscipit nulla elit ac nulla. Sed vel enim sit amet nunc viverra dapibus."
    }
  },
  {
    "model": "products.board",
    "pk": 8,
    "fields": {
      "pn": "9762227638",
      "sn": "2886944602",
      "chips": [8, 7],
      "description": "Praesent lectus.",
      "certification": [8],
      "assigned_to": "6200679002",
      "mfg_date": "2020-01-14",
      "vendor": [8, 2],
      "mac_address": "5859164688",
      "service_log": "Aenean sit amet justo. Morbi ut odio. Cras mi pede, malesuada in, imperdiet et, commodo vulputate, justo. In blandit ultrices enim. Lorem ipsum dolor sit amet, consectetuer adipiscing elit. Proin interdum mauris non ligula pellentesque ultrices. Phasellus id sapien in sapien iaculis congue."
    }
  },
  {
    "model": "products.board",
    "pk": 9,
    "fields": {
      "pn": "2361161818",
      "sn": "8328221888",
      "chips": [9],
      "description": "Aliquam quis turpis eget elit sodales scelerisque. Mauris sit amet eros. Suspendisse accumsan tortor quis turpis. Sed ante. Vivamus tortor.",
      "certification": [9],
      "assigned_to": "3902669640",
      "mfg_date": "2020-03-17",
      "vendor": [9],
      "mac_address": "7883675540",
      "service_log": "Pellentesque eget nunc. Donec quis orci eget orci vehicula condimentum. Curabitur in libero ut massa volutpat convallis. Morbi odio odio, elementum eu, interdum eu, tincidunt in, leo. Maecenas pulvinar lobortis est. Phasellus sit amet erat. Nulla tempus."
    }
  },
  {
    "model": "products.board",
    "pk": 10,
    "fields": {
      "pn": "2773197011",
      "sn": "5479192809",
      "chips": [10],
      "description": "Maecenas ut massa quis augue luctus tincidunt. Nulla mollis molestie lorem.",
      "certification": [10],
      "assigned_to": "9310295805",
      "mfg_date": "2019-09-16",
      "vendor": [10],
      "mac_address": "1431841854",
      "service_log": "Aliquam augue quam, sollicitudin vitae, consectetuer eget, rutrum at, lorem."
    }
  },
  {
    "model": "products.board",
    "pk": 11,
    "fields": {
      "pn": "7659949837",
      "sn": "3785597401",
      "chips": [10, 11],
      "description": "Cras in purus eu magna vulputate luctus. Cum sociis natoque penatibus et magnis dis parturient montes, nascetur ridiculus mus. Vivamus vestibulum sagittis sapien. Cum sociis natoque penatibus et magnis dis parturient montes, nascetur ridiculus mus. Etiam vel augue. Vestibulum rutrum rutrum neque. Aenean auctor gravida sem.",
      "certification": [11],
      "assigned_to": "0725284137",
      "mfg_date": "2019-07-03",
      "vendor": [11],
      "mac_address": "7159467914",
      "service_log": "Vestibulum ante ipsum primis in faucibus orci luctus et ultrices posuere cubilia Curae; Duis faucibus accumsan odio. Curabitur convallis. Duis consequat dui nec nisi volutpat eleifend. Donec ut dolor."
    }
  },
  {
    "model": "products.board",
    "pk": 12,
    "fields": {
      "pn": "2296466575",
      "sn": "6129272502",
      "chips": [12],
      "description": "Mauris sit amet eros. Suspendisse accumsan tortor quis turpis. Sed ante. Vivamus tortor. Duis mattis egestas metus.",
      "certification": [12],
      "assigned_to": "1097891046",
      "mfg_date": "2019-09-07",
      "vendor": [12],
      "mac_address": "8654646721",
      "service_log": "In sagittis dui vel nisl. Duis ac nibh. Fusce lacus purus, aliquet at, feugiat non, pretium quis, lectus. Suspendisse potenti. In eleifend quam a odio. In hac habitasse platea dictumst. Maecenas ut massa quis augue luctus tincidunt. Nulla mollis molestie lorem. Quisque ut erat. Curabitur gravida nisi at nibh."
    }
  },
  {
    "model": "products.board",
    "pk": 13,
    "fields": {
      "pn": "0307309010",
      "sn": "2641424975",
      "chips": [13],
      "description": "Aliquam augue quam, sollicitudin vitae, consectetuer eget, rutrum at, lorem. Integer tincidunt ante vel ipsum. Praesent blandit lacinia erat. Vestibulum sed magna at nunc commodo placerat. Praesent blandit. Nam nulla.",
      "certification": [13],
      "assigned_to": "0676546935",
      "mfg_date": "2019-11-17",
      "vendor": [13],
      "mac_address": "9917613951",
      "service_log": "Suspendisse accumsan tortor quis turpis. Sed ante. Vivamus tortor. Duis mattis egestas metus. Aenean fermentum. Donec ut mauris eget massa tempor convallis. Nulla neque libero, convallis eget, eleifend luctus, ultricies eu, nibh."
    }
  },
  {
    "model": "products.board",
    "pk": 14,
    "fields": {
      "pn": "4913346474",
      "sn": "5182422091",
      "chips": [14],
      "description": "Morbi a ipsum. Integer a nibh. In quis justo. Maecenas rhoncus aliquam lacus. Morbi quis tortor id nulla ultrices aliquet. Maecenas leo odio, condimentum id, luctus nec, molestie sed, justo. Pellentesque viverra pede ac diam. Cras pellentesque volutpat dui.",
      "certification": [14],
      "assigned_to": "7070152485",
      "mfg_date": "2019-11-22",
      "vendor": [14],
      "mac_address": "5637878315",
      "service_log": "Curabitur in libero ut massa volutpat convallis. Morbi odio odio, elementum eu, interdum eu, tincidunt in, leo. Maecenas pulvinar lobortis est. Phasellus sit amet erat. Nulla tempus. Vivamus in felis eu sapien cursus vestibulum. Proin eu mi. Nulla ac enim."
    }
  },
  {
    "model": "products.board",
    "pk": 15,
    "fields": {
      "pn": "8088798841",
      "sn": "4623826570",
      "chips": [15],
      "description": "Sed sagittis. Nam congue, risus semper porta volutpat, quam pede lobortis ligula, sit amet eleifend pede libero quis orci. Nullam molestie nibh in lectus. Pellentesque at nulla. Suspendisse potenti. Cras in purus eu magna vulputate luctus. Cum sociis natoque penatibus et magnis dis parturient montes, nascetur ridiculus mus. Vivamus vestibulum sagittis sapien. Cum sociis natoque penatibus et magnis dis parturient montes, nascetur ridiculus mus. Etiam vel augue.",
      "certification": [15],
      "assigned_to": "3175295568",
      "mfg_date": "2019-09-29",
      "vendor": [15],
      "mac_address": "6202193263",
      "service_log": "Nunc rhoncus dui vel sem."
    }
  },
  {
    "model": "products.board",
    "pk": 16,
    "fields": {
      "pn": "0090624734",
      "sn": "5569511040",
      "chips": [45, 16],
      "description": "In quis justo. Maecenas rhoncus aliquam lacus.",
      "certification": [16],
      "assigned_to": "9610187188",
      "mfg_date": "2019-10-05",
      "vendor": [16],
      "mac_address": "9292741705",
      "service_log": "Ut at dolor quis odio consequat varius. Integer ac leo. Pellentesque ultrices mattis odio. Donec vitae nisi. Nam ultrices, libero non mattis pulvinar, nulla pede ullamcorper augue, a suscipit nulla elit ac nulla. Sed vel enim sit amet nunc viverra dapibus. Nulla suscipit ligula in lacus. Curabitur at ipsum ac tellus semper interdum. Mauris ullamcorper purus sit amet nulla."
    }
  },
  {
    "model": "products.board",
    "pk": 17,
    "fields": {
      "pn": "7675628683",
      "sn": "8346136765",
      "chips": [17],
      "description": "Proin leo odio, porttitor id, consequat in, consequat ut, nulla. Sed accumsan felis. Ut at dolor quis odio consequat varius.",
      "certification": [17],
      "assigned_to": "1851229620",
      "mfg_date": "2019-08-08",
      "vendor": [17],
      "mac_address": "7931514297",
      "service_log": "Quisque ut erat. Curabitur gravida nisi at nibh."
    }
  },
  {
    "model": "products.board",
    "pk": 18,
    "fields": {
      "pn": "3598799934",
      "sn": "1494243563",
      "chips": [18],
      "description": "Duis mattis egestas metus. Aenean fermentum. Donec ut mauris eget massa tempor convallis. Nulla neque libero, convallis eget, eleifend luctus, ultricies eu, nibh. Quisque id justo sit amet sapien dignissim vestibulum. Vestibulum ante ipsum primis in faucibus orci luctus et ultrices posuere cubilia Curae; Nulla dapibus dolor vel est.",
      "certification": [18],
      "assigned_to": "8404523002",
      "mfg_date": "2019-06-15",
      "vendor": [18],
      "mac_address": "5833284058",
      "service_log": "Donec diam neque, vestibulum eget, vulputate ut, ultrices vel, augue. Vestibulum ante ipsum primis in faucibus orci luctus et ultrices posuere cubilia Curae; Donec pharetra, magna vestibulum aliquet ultrices, erat tortor sollicitudin mi, sit amet lobortis sapien sapien non mi. Integer ac neque. Duis bibendum. Morbi non quam nec dui luctus rutrum."
    }
  },
  {
    "model": "products.board",
    "pk": 19,
    "fields": {
      "pn": "4318724166",
      "sn": "0630521018",
      "chips": [32, 19],
      "description": "Nunc nisl. Duis bibendum, felis sed interdum venenatis, turpis enim blandit mi, in porttitor pede justo eu massa. Donec dapibus. Duis at velit eu est congue elementum. In hac habitasse platea dictumst.",
      "certification": [19],
      "assigned_to": "3681182221",
      "mfg_date": "2019-10-22",
      "vendor": [19],
      "mac_address": "9170922381",
      "service_log": "Donec ut mauris eget massa tempor convallis. Nulla neque libero, convallis eget, eleifend luctus, ultricies eu, nibh. Quisque id justo sit amet sapien dignissim vestibulum."
    }
  },
  {
    "model": "products.board",
    "pk": 20,
    "fields": {
      "pn": "6675375202",
      "sn": "3476982971",
      "chips": [20],
      "description": "Donec quis orci eget orci vehicula condimentum. Curabitur in libero ut massa volutpat convallis. Morbi odio odio, elementum eu, interdum eu, tincidunt in, leo. Maecenas pulvinar lobortis est. Phasellus sit amet erat.",
      "certification": [20],
      "assigned_to": "5090611033",
      "mfg_date": "2019-06-01",
      "vendor": [20],
      "mac_address": "3734243467",
      "service_log": "Pellentesque eget nunc. Donec quis orci eget orci vehicula condimentum. Curabitur in libero ut massa volutpat convallis. Morbi odio odio, elementum eu, interdum eu, tincidunt in, leo. Maecenas pulvinar lobortis est."
    }
  },
  {
    "model": "products.board",
    "pk": 21,
    "fields": {
      "pn": "0709132832",
      "sn": "4275980433",
      "chips": [21],
      "description": "Cum sociis natoque penatibus et magnis dis parturient montes, nascetur ridiculus mus. Etiam vel augue. Vestibulum rutrum rutrum neque. Aenean auctor gravida sem. Praesent id massa id nisl venenatis lacinia. Aenean sit amet justo. Morbi ut odio.",
      "certification": [21],
      "assigned_to": "3491289793",
      "mfg_date": "2019-04-30",
      "vendor": [21],
      "mac_address": "1123956987",
      "service_log": "Nunc rhoncus dui vel sem. Sed sagittis. Nam congue, risus semper porta volutpat, quam pede lobortis ligula, sit amet eleifend pede libero quis orci. Nullam molestie nibh in lectus. Pellentesque at nulla. Suspendisse potenti. Cras in purus eu magna vulputate luctus. Cum sociis natoque penatibus et magnis dis parturient montes, nascetur ridiculus mus. Vivamus vestibulum sagittis sapien. Cum sociis natoque penatibus et magnis dis parturient montes, nascetur ridiculus mus."
    }
  },
  {
    "model": "products.board",
    "pk": 22,
    "fields": {
      "pn": "5804168886",
      "sn": "4408277142",
      "chips": [22],
      "description": "Curabitur convallis.",
      "certification": [22],
      "assigned_to": "4768360327",
      "mfg_date": "2019-06-09",
      "vendor": [22],
      "mac_address": "2804182940",
      "service_log": "Integer ac leo. Pellentesque ultrices mattis odio. Donec vitae nisi. Nam ultrices, libero non mattis pulvinar, nulla pede ullamcorper augue, a suscipit nulla elit ac nulla. Sed vel enim sit amet nunc viverra dapibus. Nulla suscipit ligula in lacus. Curabitur at ipsum ac tellus semper interdum. Mauris ullamcorper purus sit amet nulla. Quisque arcu libero, rutrum ac, lobortis vel, dapibus at, diam."
    }
  },
  {
    "model": "products.board",
    "pk": 23,
    "fields": {
      "pn": "1398747955",
      "sn": "2727809050",
      "chips": [23],
      "description": "Nullam orci pede, venenatis non, sodales sed, tincidunt eu, felis. Fusce posuere felis sed lacus. Morbi sem mauris, laoreet ut, rhoncus aliquet, pulvinar sed, nisl. Nunc rhoncus dui vel sem. Sed sagittis. Nam congue, risus semper porta volutpat, quam pede lobortis ligula, sit amet eleifend pede libero quis orci. Nullam molestie nibh in lectus.",
      "certification": [23],
      "assigned_to": "7921885144",
      "mfg_date": "2019-08-28",
      "vendor": [23],
      "mac_address": "9666025477",
      "service_log": "Morbi vestibulum, velit id pretium iaculis, diam erat fermentum justo, nec condimentum neque sapien placerat ante. Nulla justo. Aliquam quis turpis eget elit sodales scelerisque. Mauris sit amet eros. Suspendisse accumsan tortor quis turpis. Sed ante. Vivamus tortor."
    }
  },
  {
    "model": "products.board",
    "pk": 24,
    "fields": {
      "pn": "5858269044",
      "sn": "8975536246",
      "chips": [24],
      "description": "Pellentesque eget nunc. Donec quis orci eget orci vehicula condimentum. Curabitur in libero ut massa volutpat convallis.",
      "certification": [24],
      "assigned_to": "5879293904",
      "mfg_date": "2019-11-14",
      "vendor": [24],
      "mac_address": "4776616874",
      "service_log": "Vivamus tortor. Duis mattis egestas metus. Aenean fermentum. Donec ut mauris eget massa tempor convallis. Nulla neque libero, convallis eget, eleifend luctus, ultricies eu, nibh. Quisque id justo sit amet sapien dignissim vestibulum. Vestibulum ante ipsum primis in faucibus orci luctus et ultrices posuere cubilia Curae; Nulla dapibus dolor vel est. Donec odio justo, sollicitudin ut, suscipit a, feugiat et, eros."
    }
  },
  {
    "model": "products.board",
    "pk": 25,
    "fields": {
      "pn": "7404283175",
      "sn": "6034799473",
      "chips": [25],
      "description": "Nam congue, risus semper porta volutpat, quam pede lobortis ligula, sit amet eleifend pede libero quis orci.",
      "certification": [25],
      "assigned_to": "2835373446",
      "mfg_date": "2020-01-30",
      "vendor": [25],
      "mac_address": "1821391071",
      "service_log": "In hac habitasse platea dictumst. Aliquam augue quam, sollicitudin vitae, consectetuer eget, rutrum at, lorem. Integer tincidunt ante vel ipsum."
    }
  },
  {
    "model": "products.board",
    "pk": 26,
    "fields": {
      "pn": "0417339801",
      "sn": "2954431202",
      "chips": [26],
      "description": "Phasellus in felis. Donec semper sapien a libero. Nam dui. Proin leo odio, porttitor id, consequat in, consequat ut, nulla. Sed accumsan felis. Ut at dolor quis odio consequat varius. Integer ac leo. Pellentesque ultrices mattis odio.",
      "certification": [26],
      "assigned_to": "5310486402",
      "mfg_date": "2019-11-19",
      "vendor": [12],
      "mac_address": "4156014886",
      "service_log": "Donec ut mauris eget massa tempor convallis. Nulla neque libero, convallis eget, eleifend luctus, ultricies eu, nibh. Quisque id justo sit amet sapien dignissim vestibulum. Vestibulum ante ipsum primis in faucibus orci luctus et ultrices posuere cubilia Curae; Nulla dapibus dolor vel est. Donec odio justo, sollicitudin ut, suscipit a, feugiat et, eros. Vestibulum ac est lacinia nisi venenatis tristique. Fusce congue, diam id ornare imperdiet, sapien urna pretium nisl, ut volutpat sapien arcu sed augue. Aliquam erat volutpat."
    }
  },
  {
    "model": "products.board",
    "pk": 27,
    "fields": {
      "pn": "0538893826",
      "sn": "0017611083",
      "chips": [27],
      "description": "Nulla justo. Aliquam quis turpis eget elit sodales scelerisque. Mauris sit amet eros. Suspendisse accumsan tortor quis turpis. Sed ante. Vivamus tortor. Duis mattis egestas metus. Aenean fermentum. Donec ut mauris eget massa tempor convallis. Nulla neque libero, convallis eget, eleifend luctus, ultricies eu, nibh.",
      "certification": [27, 32],
      "assigned_to": "0829023747",
      "mfg_date": "2020-01-07",
      "vendor": [3],
      "mac_address": "6547206408",
      "service_log": "Proin risus. Praesent lectus. Vestibulum quam sapien, varius ut, blandit non, interdum in, ante. Vestibulum ante ipsum primis in faucibus orci luctus et ultrices posuere cubilia Curae; Duis faucibus accumsan odio."
    }
  },
  {
    "model": "products.board",
    "pk": 28,
    "fields": {
      "pn": "8283218972",
      "sn": "8824509339",
      "chips": [28],
      "description": "Aliquam sit amet diam in magna bibendum imperdiet. Nullam orci pede, venenatis non, sodales sed, tincidunt eu, felis. Fusce posuere felis sed lacus. Morbi sem mauris, laoreet ut, rhoncus aliquet, pulvinar sed, nisl. Nunc rhoncus dui vel sem. Sed sagittis. Nam congue, risus semper porta volutpat, quam pede lobortis ligula, sit amet eleifend pede libero quis orci.",
      "certification": [28],
      "assigned_to": "5109757267",
      "mfg_date": "2020-01-08",
      "vendor": [1, 23],
      "mac_address": "4506860985",
      "service_log": "Vivamus vestibulum sagittis sapien. Cum sociis natoque penatibus et magnis dis parturient montes, nascetur ridiculus mus. Etiam vel augue. Vestibulum rutrum rutrum neque. Aenean auctor gravida sem. Praesent id massa id nisl venenatis lacinia. Aenean sit amet justo. Morbi ut odio. Cras mi pede, malesuada in, imperdiet et, commodo vulputate, justo. In blandit ultrices enim."
    }
  },
  {
    "model": "products.board",
    "pk": 29,
    "fields": {
      "pn": "7680683875",
      "sn": "4192158981",
      "chips": [29],
      "description": "Curabitur gravida nisi at nibh. In hac habitasse platea dictumst.",
      "certification": [29],
      "assigned_to": "5812827974",
      "mfg_date": "2020-03-09",
      "vendor": [6],
      "mac_address": "4876764727",
      "service_log": "Praesent blandit. Nam nulla. Integer pede justo, lacinia eget, tincidunt eget, tempus vel, pede. Morbi porttitor lorem id ligula. Suspendisse ornare consequat lectus. In est risus, auctor sed, tristique in, tempus sit amet, sem. Fusce consequat."
    }
  },
  {
    "model": "products.board",
    "pk": 30,
    "fields": {
      "pn": "9986459419",
      "sn": "2309100285",
      "chips": [30],
      "description": "Nam ultrices, libero non mattis pulvinar, nulla pede ullamcorper augue, a suscipit nulla elit ac nulla. Sed vel enim sit amet nunc viverra dapibus. Nulla suscipit ligula in lacus. Curabitur at ipsum ac tellus semper interdum. Mauris ullamcorper purus sit amet nulla. Quisque arcu libero, rutrum ac, lobortis vel, dapibus at, diam. Nam tristique tortor eu pede.",
      "certification": [30],
      "assigned_to": "6943809253",
      "mfg_date": "2020-01-19",
      "vendor": [20],
      "mac_address": "2790913757",
      "service_log": "Phasellus sit amet erat. Nulla tempus. Vivamus in felis eu sapien cursus vestibulum. Proin eu mi. Nulla ac enim. In tempor, turpis nec euismod scelerisque, quam turpis adipiscing lorem, vitae mattis nibh ligula nec sem."
    }
  },
  {
    "model": "products.board",
    "pk": 31,
    "fields": {
      "pn": "4521425186",
      "sn": "3328451617",
      "chips": [31],
      "description": "Pellentesque ultrices mattis odio. Donec vitae nisi. Nam ultrices, libero non mattis pulvinar, nulla pede ullamcorper augue, a suscipit nulla elit ac nulla. Sed vel enim sit amet nunc viverra dapibus. Nulla suscipit ligula in lacus. Curabitur at ipsum ac tellus semper interdum. Mauris ullamcorper purus sit amet nulla. Quisque arcu libero, rutrum ac, lobortis vel, dapibus at, diam. Nam tristique tortor eu pede.",
      "certification": [31],
      "assigned_to": "7052849941",
      "mfg_date": "2019-07-14",
      "vendor": [24],
      "mac_address": "8397683461",
      "service_log": "Morbi non quam nec dui luctus rutrum. Nulla tellus. In sagittis dui vel nisl. Duis ac nibh. Fusce lacus purus, aliquet at, feugiat non, pretium quis, lectus. Suspendisse potenti. In eleifend quam a odio."
    }
  },
  {
    "model": "products.board",
    "pk": 32,
    "fields": {
      "pn": "2184284378",
      "sn": "1780566565",
      "chips": [32],
      "description": "Nulla nisl. Nunc nisl. Duis bibendum, felis sed interdum venenatis, turpis enim blandit mi, in porttitor pede justo eu massa. Donec dapibus.",
      "certification": [32],
      "assigned_to": "7949443669",
      "mfg_date": "2019-12-23",
      "vendor": [18],
      "mac_address": "4586274514",
      "service_log": "Cum sociis natoque penatibus et magnis dis parturient montes, nascetur ridiculus mus. Etiam vel augue. Vestibulum rutrum rutrum neque. Aenean auctor gravida sem. Praesent id massa id nisl venenatis lacinia. Aenean sit amet justo."
    }
  },
  {
    "model": "products.board",
    "pk": 33,
    "fields": {
      "pn": "4020468591",
      "sn": "3427655024",
      "chips": [33],
      "description": "Vivamus in felis eu sapien cursus vestibulum. Proin eu mi. Nulla ac enim. In tempor, turpis nec euismod scelerisque, quam turpis adipiscing lorem, vitae mattis nibh ligula nec sem. Duis aliquam convallis nunc. Proin at turpis a pede posuere nonummy. Integer non velit. Donec diam neque, vestibulum eget, vulputate ut, ultrices vel, augue.",
      "certification": [33],
      "assigned_to": "1398336785",
      "mfg_date": "2019-07-30",
      "vendor": [10],
      "mac_address": "0475145097",
      "service_log": "Vestibulum ac est lacinia nisi venenatis tristique. Fusce congue, diam id ornare imperdiet, sapien urna pretium nisl, ut volutpat sapien arcu sed augue. Aliquam erat volutpat. In congue. Etiam justo. Etiam pretium iaculis justo. In hac habitasse platea dictumst. Etiam faucibus cursus urna."
    }
  },
  {
    "model": "products.board",
    "pk": 34,
    "fields": {
      "pn": "7361142737",
      "sn": "7639760844",
      "chips": [34],
      "description": "Nulla facilisi. Cras non velit nec nisi vulputate nonummy. Maecenas tincidunt lacus at velit. Vivamus vel nulla eget eros elementum pellentesque. Quisque porta volutpat erat. Quisque erat eros, viverra eget, congue eget, semper rutrum, nulla. Nunc purus. Phasellus in felis. Donec semper sapien a libero. Nam dui.",
      "certification": [34],
      "assigned_to": "3954823837",
      "mfg_date": "2019-10-26",
      "vendor": [5],
      "mac_address": "6569160427",
      "service_log": "Proin risus. Praesent lectus. Vestibulum quam sapien, varius ut, blandit non, interdum in, ante. Vestibulum ante ipsum primis in faucibus orci luctus et ultrices posuere cubilia Curae; Duis faucibus accumsan odio. Curabitur convallis."
    }
  },
  {
    "model": "products.board",
    "pk": 35,
    "fields": {
      "pn": "0450101193",
      "sn": "3866800681",
      "chips": [35],
      "description": "Donec ut mauris eget massa tempor convallis. Nulla neque libero, convallis eget, eleifend luctus, ultricies eu, nibh. Quisque id justo sit amet sapien dignissim vestibulum. Vestibulum ante ipsum primis in faucibus orci luctus et ultrices posuere cubilia Curae; Nulla dapibus dolor vel est. Donec odio justo, sollicitudin ut, suscipit a, feugiat et, eros. Vestibulum ac est lacinia nisi venenatis tristique. Fusce congue, diam id ornare imperdiet, sapien urna pretium nisl, ut volutpat sapien arcu sed augue.",
      "certification": [35],
      "assigned_to": "1119083087",
      "mfg_date": "2019-12-25",
      "vendor": [23],
      "mac_address": "0934592330",
      "service_log": "Morbi odio odio, elementum eu, interdum eu, tincidunt in, leo. Maecenas pulvinar lobortis est. Phasellus sit amet erat. Nulla tempus. Vivamus in felis eu sapien cursus vestibulum."
    }
  },
  {
    "model": "products.board",
    "pk": 36,
    "fields": {
      "pn": "2261703805",
      "sn": "3992335631",
      "chips": [36],
      "description": "Proin leo odio, porttitor id, consequat in, consequat ut, nulla. Sed accumsan felis. Ut at dolor quis odio consequat varius. Integer ac leo. Pellentesque ultrices mattis odio.",
      "certification": [36],
      "assigned_to": "1498685838",
      "mfg_date": "2019-06-02",
      "vendor": [16],
      "mac_address": "6123816616",
      "service_log": "Vivamus vel nulla eget eros elementum pellentesque. Quisque porta volutpat erat. Quisque erat eros, viverra eget, congue eget, semper rutrum, nulla."
    }
  },
  {
    "model": "products.board",
    "pk": 37,
    "fields": {
      "pn": "9331703600",
      "sn": "5428219890",
      "chips": [37],
      "description": "Etiam vel augue. Vestibulum rutrum rutrum neque. Aenean auctor gravida sem. Praesent id massa id nisl venenatis lacinia. Aenean sit amet justo. Morbi ut odio. Cras mi pede, malesuada in, imperdiet et, commodo vulputate, justo. In blandit ultrices enim. Lorem ipsum dolor sit amet, consectetuer adipiscing elit.",
      "certification": [37],
      "assigned_to": "6079937042",
      "mfg_date": "2019-12-17",
      "vendor": [10],
      "mac_address": "6636188820",
      "service_log": "Vestibulum ante ipsum primis in faucibus orci luctus et ultrices posuere cubilia Curae; Nulla dapibus dolor vel est. Donec odio justo, sollicitudin ut, suscipit a, feugiat et, eros. Vestibulum ac est lacinia nisi venenatis tristique. Fusce congue, diam id ornare imperdiet, sapien urna pretium nisl, ut volutpat sapien arcu sed augue. Aliquam erat volutpat. In congue. Etiam justo."
    }
  },
  {
    "model": "products.board",
    "pk": 38,
    "fields": {
      "pn": "9445372751",
      "sn": "3677694981",
      "chips": [38],
      "description": "Aliquam quis turpis eget elit sodales scelerisque. Mauris sit amet eros. Suspendisse accumsan tortor quis turpis. Sed ante. Vivamus tortor. Duis mattis egestas metus. Aenean fermentum.",
      "certification": [38],
      "assigned_to": "1712774522",
      "mfg_date": "2019-05-28",
      "vendor": [22],
      "mac_address": "2985642914",
      "service_log": "Fusce posuere felis sed lacus. Morbi sem mauris, laoreet ut, rhoncus aliquet, pulvinar sed, nisl. Nunc rhoncus dui vel sem. Sed sagittis. Nam congue, risus semper porta volutpat, quam pede lobortis ligula, sit amet eleifend pede libero quis orci."
    }
  },
  {
    "model": "products.board",
    "pk": 39,
    "fields": {
      "pn": "2627107941",
      "sn": "8559684468",
      "chips": [23, 39],
      "description": "Aenean fermentum. Donec ut mauris eget massa tempor convallis. Nulla neque libero, convallis eget, eleifend luctus, ultricies eu, nibh. Quisque id justo sit amet sapien dignissim vestibulum.",
      "certification": [39],
      "assigned_to": "6492206355",
      "mfg_date": "2019-08-18",
      "vendor": [9],
      "mac_address": "7715043036",
      "service_log": "Nam ultrices, libero non mattis pulvinar, nulla pede ullamcorper augue, a suscipit nulla elit ac nulla. Sed vel enim sit amet nunc viverra dapibus. Nulla suscipit ligula in lacus. Curabitur at ipsum ac tellus semper interdum. Mauris ullamcorper purus sit amet nulla. Quisque arcu libero, rutrum ac, lobortis vel, dapibus at, diam. Nam tristique tortor eu pede."
    }
  },
  {
    "model": "products.board",
    "pk": 40,
    "fields": {
      "pn": "9581075577",
      "sn": "6499697524",
      "chips": [40],
      "description": "Sed ante. Vivamus tortor. Duis mattis egestas metus. Aenean fermentum. Donec ut mauris eget massa tempor convallis. Nulla neque libero, convallis eget, eleifend luctus, ultricies eu, nibh. Quisque id justo sit amet sapien dignissim vestibulum. Vestibulum ante ipsum primis in faucibus orci luctus et ultrices posuere cubilia Curae; Nulla dapibus dolor vel est. Donec odio justo, sollicitudin ut, suscipit a, feugiat et, eros.",
      "certification": [40],
      "assigned_to": "1297644581",
      "mfg_date": "2020-03-23",
      "vendor": [18, 11],
      "mac_address": "8411243869",
      "service_log": "In congue. Etiam justo."
    }
  },
  {
    "model": "products.board",
    "pk": 41,
    "fields": {
      "pn": "3883772488",
      "sn": "3729723774",
      "chips": [41],
      "description": "Nulla justo. Aliquam quis turpis eget elit sodales scelerisque. Mauris sit amet eros. Suspendisse accumsan tortor quis turpis. Sed ante. Vivamus tortor.",
      "certification": [41],
      "assigned_to": "8279610103",
      "mfg_date": "2020-02-01",
      "vendor": [16],
      "mac_address": "4420960507",
      "service_log": "Nullam molestie nibh in lectus. Pellentesque at nulla. Suspendisse potenti. Cras in purus eu magna vulputate luctus. Cum sociis natoque penatibus et magnis dis parturient montes, nascetur ridiculus mus. Vivamus vestibulum sagittis sapien. Cum sociis natoque penatibus et magnis dis parturient montes, nascetur ridiculus mus. Etiam vel augue. Vestibulum rutrum rutrum neque. Aenean auctor gravida sem."
    }
  },
  {
    "model": "products.board",
    "pk": 42,
    "fields": {
      "pn": "8303384724",
      "sn": "1520348924",
      "chips": [42],
      "description": "Vivamus metus arcu, adipiscing molestie, hendrerit at, vulputate vitae, nisl. Aenean lectus. Pellentesque eget nunc. Donec quis orci eget orci vehicula condimentum. Curabitur in libero ut massa volutpat convallis. Morbi odio odio, elementum eu, interdum eu, tincidunt in, leo. Maecenas pulvinar lobortis est. Phasellus sit amet erat. Nulla tempus. Vivamus in felis eu sapien cursus vestibulum.",
      "certification": [42],
      "assigned_to": "7230188997",
      "mfg_date": "2019-05-04",
      "vendor": [7],
      "mac_address": "8493343110",
      "service_log": "Morbi non quam nec dui luctus rutrum. Nulla tellus. In sagittis dui vel nisl. Duis ac nibh. Fusce lacus purus, aliquet at, feugiat non, pretium quis, lectus. Suspendisse potenti. In eleifend quam a odio. In hac habitasse platea dictumst. Maecenas ut massa quis augue luctus tincidunt. Nulla mollis molestie lorem."
    }
  },
  {
    "model": "products.board",
    "pk": 43,
    "fields": {
      "pn": "7413008254",
      "sn": "5447549566",
      "chips": [43],
      "description": "Proin interdum mauris non ligula pellentesque ultrices. Phasellus id sapien in sapien iaculis congue.",
      "certification": [43],
      "assigned_to": "5317449499",
      "mfg_date": "2019-08-30",
      "vendor": [4],
      "mac_address": "5014607748",
      "service_log": "Suspendisse potenti."
    }
  },
  {
    "model": "products.board",
    "pk": 44,
    "fields": {
      "pn": "8382720730",
      "sn": "3531706853",
      "chips": [44],
      "description": "Maecenas pulvinar lobortis est. Phasellus sit amet erat. Nulla tempus.",
      "certification": [22, 44],
      "assigned_to": "8602834306",
      "mfg_date": "2019-10-17",
      "vendor": [20, 15],
      "mac_address": "3102256376",
      "service_log": "Vivamus vestibulum sagittis sapien. Cum sociis natoque penatibus et magnis dis parturient montes, nascetur ridiculus mus. Etiam vel augue. Vestibulum rutrum rutrum neque."
    }
  },
  {
    "model": "products.board",
    "pk": 45,
    "fields": {
      "pn": "2025846819",
      "sn": "7372748631",
      "chips": [45],
      "description": "Nam congue, risus semper porta volutpat, quam pede lobortis ligula, sit amet eleifend pede libero quis orci. Nullam molestie nibh in lectus. Pellentesque at nulla. Suspendisse potenti. Cras in purus eu magna vulputate luctus. Cum sociis natoque penatibus et magnis dis parturient montes, nascetur ridiculus mus.",
      "certification": [45],
      "assigned_to": "9869951252",
      "mfg_date": "2019-09-28",
      "vendor": [3],
      "mac_address": "1739435249",
      "service_log": "In sagittis dui vel nisl. Duis ac nibh. Fusce lacus purus, aliquet at, feugiat non, pretium quis, lectus. Suspendisse potenti. In eleifend quam a odio. In hac habitasse platea dictumst. Maecenas ut massa quis augue luctus tincidunt. Nulla mollis molestie lorem."
    }
  },
  {
    "model": "products.board",
    "pk": 46,
    "fields": {
      "pn": "2304957730",
      "sn": "2607722462",
      "chips": [42, 46],
      "description": "Sed ante.",
      "certification": [46],
      "assigned_to": "1402381859",
      "mfg_date": "2019-06-21",
      "vendor": [7, 15],
      "mac_address": "1981568026",
      "service_log": "Vivamus metus arcu, adipiscing molestie, hendrerit at, vulputate vitae, nisl. Aenean lectus. Pellentesque eget nunc. Donec quis orci eget orci vehicula condimentum."
    }
  },
  {
    "model": "products.board",
    "pk": 47,
    "fields": {
      "pn": "9704245955",
      "sn": "4279196109",
      "chips": [47],
      "description": "Maecenas tristique, est et tempus semper, est quam pharetra magna, ac consequat metus sapien ut nunc. Vestibulum ante ipsum primis in faucibus orci luctus et ultrices posuere cubilia Curae; Mauris viverra diam vitae quam. Suspendisse potenti. Nullam porttitor lacus at turpis. Donec posuere metus vitae ipsum. Aliquam non mauris. Morbi non lectus. Aliquam sit amet diam in magna bibendum imperdiet. Nullam orci pede, venenatis non, sodales sed, tincidunt eu, felis.",
      "certification": [47],
      "assigned_to": "5185347007",
      "mfg_date": "2019-12-24",
      "vendor": [9],
      "mac_address": "7016559092",
      "service_log": "Nulla tellus. In sagittis dui vel nisl. Duis ac nibh. Fusce lacus purus, aliquet at, feugiat non, pretium quis, lectus. Suspendisse potenti. In eleifend quam a odio. In hac habitasse platea dictumst. Maecenas ut massa quis augue luctus tincidunt."
    }
  },
  {
    "model": "products.board",
    "pk": 48,
    "fields": {
      "pn": "1236147464",
      "sn": "5501440512",
      "chips": [12, 48],
      "description": "Mauris lacinia sapien quis libero. Nullam sit amet turpis elementum ligula vehicula consequat.",
      "certification": [3, 48],
      "assigned_to": "9112074489",
      "mfg_date": "2019-05-05",
      "vendor": [7],
      "mac_address": "9943981059",
      "service_log": "Donec diam neque, vestibulum eget, vulputate ut, ultrices vel, augue. Vestibulum ante ipsum primis in faucibus orci luctus et ultrices posuere cubilia Curae; Donec pharetra, magna vestibulum aliquet ultrices, erat tortor sollicitudin mi, sit amet lobortis sapien sapien non mi. Integer ac neque. Duis bibendum. Morbi non quam nec dui luctus rutrum."
    }
  },
  {
    "model": "products.board",
    "pk": 49,
    "fields": {
      "pn": "7992572033",
      "sn": "0272353329",
      "chips": [49],
      "description": "Nulla nisl. Nunc nisl. Duis bibendum, felis sed interdum venenatis, turpis enim blandit mi, in porttitor pede justo eu massa. Donec dapibus. Duis at velit eu est congue elementum.",
      "certification": [49],
      "assigned_to": "4001398850",
      "mfg_date": "2019-06-06",
      "vendor": [1],
      "mac_address": "7325695470",
      "service_log": "Fusce lacus purus, aliquet at, feugiat non, pretium quis, lectus. Suspendisse potenti. In eleifend quam a odio. In hac habitasse platea dictumst. Maecenas ut massa quis augue luctus tincidunt. Nulla mollis molestie lorem. Quisque ut erat. Curabitur gravida nisi at nibh. In hac habitasse platea dictumst."
    }
  },
  {
    "model": "products.board",
    "pk": 50,
    "fields": {
      "pn": "4456055464",
      "sn": "9824586148",
      "chips": [31, 50],
      "description": "Vestibulum ante ipsum primis in faucibus orci luctus et ultrices posuere cubilia Curae; Donec pharetra, magna vestibulum aliquet ultrices, erat tortor sollicitudin mi, sit amet lobortis sapien sapien non mi. Integer ac neque. Duis bibendum. Morbi non quam nec dui luctus rutrum. Nulla tellus. In sagittis dui vel nisl. Duis ac nibh.",
      "certification": [50],
      "assigned_to": "2809490406",
      "mfg_date": "2019-06-19",
      "vendor": [12],
      "mac_address": "3269182015",
      "service_log": "Integer tincidunt ante vel ipsum."
    }
  }
]
