[
  {
    "model": "products.certification",
    "pk": 1,
    "fields": {
      "name": "Subin"
    }
  },
  {
    "model": "products.certification",
    "pk": 2,
    "fields": {
      "name": "Voltsillam"
    }
  },
  {
    "model": "products.certification",
    "pk": 3,
    "fields": {
      "name": "Overhold"
    }
  },
  {
    "model": "products.certification",
    "pk": 4,
    "fields": {
      "name": "Domainer"
    }
  },
  {
    "model": "products.certification",
    "pk": 5,
    "fields": {
      "name": "Solarbreeze"
    }
  },
  {
    "model": "products.certification",
    "pk": 6,
    "fields": {
      "name": "Vagram"
    }
  },
  {
    "model": "products.certification",
    "pk": 7,
    "fields": {
      "name": "Cardify"
    }
  },
  {
    "model": "products.certification",
    "pk": 8,
    "fields": {
      "name": "Zathin"
    }
  },
  {
    "model": "products.certification",
    "pk": 9,
    "fields": {
      "name": "Cardify"
    }
  },
  {
    "model": "products.certification",
    "pk": 10,
    "fields": {
      "name": "Cookley"
    }
  },
  {
    "model": "products.certification",
    "pk": 11,
    "fields": {
      "name": "Voltsillam"
    }
  },
  {
    "model": "products.certification",
    "pk": 12,
    "fields": {
      "name": "Gembucket"
    }
  },
  {
    "model": "products.certification",
    "pk": 13,
    "fields": {
      "name": "Rank"
    }
  },
  {
    "model": "products.certification",
    "pk": 14,
    "fields": {
      "name": "Wrapsafe"
    }
  },
  {
    "model": "products.certification",
    "pk": 15,
    "fields": {
      "name": "Tresom"
    }
  },
  {
    "model": "products.certification",
    "pk": 16,
    "fields": {
      "name": "Treeflex"
    }
  },
  {
    "model": "products.certification",
    "pk": 17,
    "fields": {
      "name": "Alphazap"
    }
  },
  {
    "model": "products.certification",
    "pk": 18,
    "fields": {
      "name": "Job"
    }
  },
  {
    "model": "products.certification",
    "pk": 19,
    "fields": {
      "name": "Holdlamis"
    }
  },
  {
    "model": "products.certification",
    "pk": 20,
    "fields": {
      "name": "Prodder"
    }
  },
  {
    "model": "products.certification",
    "pk": 21,
    "fields": {
      "name": "Flowdesk"
    }
  },
  {
    "model": "products.certification",
    "pk": 22,
    "fields": {
      "name": "Tres-Zap"
    }
  },
  {
    "model": "products.certification",
    "pk": 23,
    "fields": {
      "name": "Zathin"
    }
  },
  {
    "model": "products.certification",
    "pk": 24,
    "fields": {
      "name": "Tampflex"
    }
  },
  {
    "model": "products.certification",
    "pk": 25,
    "fields": {
      "name": "Redhold"
    }
  },
  {
    "model": "products.certification",
    "pk": 26,
    "fields": {
      "name": "Y-find"
    }
  },
  {
    "model": "products.certification",
    "pk": 27,
    "fields": {
      "name": "Vagram"
    }
  },
  {
    "model": "products.certification",
    "pk": 28,
    "fields": {
      "name": "Cookley"
    }
  },
  {
    "model": "products.certification",
    "pk": 29,
    "fields": {
      "name": "Tampflex"
    }
  },
  {
    "model": "products.certification",
    "pk": 30,
    "fields": {
      "name": "Zathin"
    }
  },
  {
    "model": "products.certification",
    "pk": 31,
    "fields": {
      "name": "Alpha"
    }
  },
  {
    "model": "products.certification",
    "pk": 32,
    "fields": {
      "name": "Opela"
    }
  },
  {
    "model": "products.certification",
    "pk": 33,
    "fields": {
      "name": "Solarbreeze"
    }
  },
  {
    "model": "products.certification",
    "pk": 34,
    "fields": {
      "name": "Pannier"
    }
  },
  {
    "model": "products.certification",
    "pk": 35,
    "fields": {
      "name": "Transcof"
    }
  },
  {
    "model": "products.certification",
    "pk": 36,
    "fields": {
      "name": "Andalax"
    }
  },
  {
    "model": "products.certification",
    "pk": 37,
    "fields": {
      "name": "Asoka"
    }
  },
  {
    "model": "products.certification",
    "pk": 38,
    "fields": {
      "name": "Fix San"
    }
  },
  {
    "model": "products.certification",
    "pk": 39,
    "fields": {
      "name": "Span"
    }
  },
  {
    "model": "products.certification",
    "pk": 40,
    "fields": {
      "name": "Ronstring"
    }
  },
  {
    "model": "products.certification",
    "pk": 41,
    "fields": {
      "name": "Hatity"
    }
  },
  {
    "model": "products.certification",
    "pk": 42,
    "fields": {
      "name": "It"
    }
  },
  {
    "model": "products.certification",
    "pk": 43,
    "fields": {
      "name": "Asoka"
    }
  },
  {
    "model": "products.certification",
    "pk": 44,
    "fields": {
      "name": "Tin"
    }
  },
  {
    "model": "products.certification",
    "pk": 45,
    "fields": {
      "name": "Bigtax"
    }
  },
  {
    "model": "products.certification",
    "pk": 46,
    "fields": {
      "name": "Bitchip"
    }
  },
  {
    "model": "products.certification",
    "pk": 47,
    "fields": {
      "name": "Opela"
    }
  },
  {
    "model": "products.certification",
    "pk": 48,
    "fields": {
      "name": "Vagram"
    }
  },
  {
    "model": "products.certification",
    "pk": 49,
    "fields": {
      "name": "Flowdesk"
    }
  },
  {
    "model": "products.certification",
    "pk": 50,
    "fields": {
      "name": "Pannier"
    }
  }
]
