[
  {
    "model": "products.chip",
    "pk": null,
    "fields": {
      "pn": "18",
      "sn": "4",
      "description": "Duis bibendum. Morbi non quam nec dui luctus rutrum. Nulla tellus. In sagittis dui vel nisl. Duis ac nibh. Fusce lacus purus, aliquet at, feugiat non, pretium quis, lectus.",
      "package": [["Fintone"], ["Namfix"]],
      "mfg_date": "2019-06-11",
      "vendor": [1],
      "speed_grade": 1
    }
  },
  {
    "model": "products.chip",
    "pk": null,
    "fields": {
      "pn": "26230",
      "sn": "13958",
      "description": "Nulla tempus. Vivamus in felis eu sapien cursus vestibulum. Proin eu mi. Nulla ac enim. In tempor, turpis nec euismod scelerisque, quam turpis adipiscing lorem, vitae mattis nibh ligula nec sem. Duis aliquam convallis nunc. Proin at turpis a pede posuere nonummy.",
      "package": [["Treeflex"], ["Overhold"]],
      "mfg_date": "2020-01-18",
      "vendor": [["Transcof"]],
      "speed_grade": 2
    }
  },
  {
    "model": "products.chip",
    "pk": null,
    "fields": {
      "pn": "6132",
      "sn": "05",
      "description": "Quisque id justo sit amet sapien dignissim vestibulum.",
      "package": [3],
      "mfg_date": "2020-03-27",
      "vendor": [3],
      "speed_grade": 3
    }
  },
  {
    "model": "products.chip",
    "pk": null,
    "fields": {
      "pn": "9089",
      "sn": "92767",
      "description": "Integer a nibh.",
      "package": [4],
      "mfg_date": "2019-06-12",
      "vendor": [4],
      "speed_grade": 4
    }
  },
  {
    "model": "products.chip",
    "pk": null,
    "fields": {
      "pn": "274",
      "sn": "796",
      "description": "Nullam orci pede, venenatis non, sodales sed, tincidunt eu, felis. Fusce posuere felis sed lacus. Morbi sem mauris, laoreet ut, rhoncus aliquet, pulvinar sed, nisl. Nunc rhoncus dui vel sem.",
      "package": [3, 5],
      "mfg_date": "2019-11-15",
      "vendor": [5, 2],
      "speed_grade": 5
    }
  },
  {
    "model": "products.chip",
    "pk": null,
    "fields": {
      "pn": "9134",
      "sn": "415",
      "description": "In hac habitasse platea dictumst. Etiam faucibus cursus urna. Ut tellus. Nulla ut erat id mauris vulputate elementum. Nullam varius. Nulla facilisi. Cras non velit nec nisi vulputate nonummy. Maecenas tincidunt lacus at velit. Vivamus vel nulla eget eros elementum pellentesque. Quisque porta volutpat erat.",
      "package": [6],
      "mfg_date": "2020-02-01",
      "vendor": [6],
      "speed_grade": 6
    }
  },
  {
    "model": "products.chip",
    "pk": null,
    "fields": {
      "pn": "9123",
      "sn": "65436",
      "description": "Etiam faucibus cursus urna. Ut tellus. Nulla ut erat id mauris vulputate elementum. Nullam varius. Nulla facilisi.",
      "package": [7],
      "mfg_date": "2020-03-07",
      "vendor": [7],
      "speed_grade": 7
    }
  },
  {
    "model": "products.chip",
    "pk": null,
    "fields": {
      "pn": "91",
      "sn": "59614",
      "description": "Pellentesque viverra pede ac diam. Cras pellentesque volutpat dui. Maecenas tristique, est et tempus semper, est quam pharetra magna, ac consequat metus sapien ut nunc.",
      "package": [8],
      "mfg_date": "2019-08-13",
      "vendor": [8],
      "speed_grade": 8
    }
  },
  {
    "model": "products.chip",
    "pk": null,
    "fields": {
      "pn": "86583",
      "sn": "504",
      "description": "Donec vitae nisi.",
      "package": [23, 9],
      "mfg_date": "2019-10-06",
      "vendor": [9],
      "speed_grade": 9
    }
  },
  {
    "model": "products.chip",
    "pk": null,
    "fields": {
      "pn": "6255",
      "sn": "746",
      "description": "Donec dapibus. Duis at velit eu est congue elementum. In hac habitasse platea dictumst. Morbi vestibulum, velit id pretium iaculis, diam erat fermentum justo, nec condimentum neque sapien placerat ante. Nulla justo.",
      "package": [10],
      "mfg_date": "2020-01-10",
      "vendor": [10],
      "speed_grade": 10
    }
  },
  {
    "model": "products.chip",
    "pk": null,
    "fields": {
      "pn": "393",
      "sn": "74924",
      "description": "Morbi quis tortor id nulla ultrices aliquet. Maecenas leo odio, condimentum id, luctus nec, molestie sed, justo. Pellentesque viverra pede ac diam.",
      "package": [19, 11],
      "mfg_date": "2019-07-05",
      "vendor": [11],
      "speed_grade": 11
    }
  },
  {
    "model": "products.chip",
    "pk": null,
    "fields": {
      "pn": "32791",
      "sn": "9",
      "description": "Etiam pretium iaculis justo. In hac habitasse platea dictumst. Etiam faucibus cursus urna. Ut tellus. Nulla ut erat id mauris vulputate elementum. Nullam varius. Nulla facilisi. Cras non velit nec nisi vulputate nonummy. Maecenas tincidunt lacus at velit.",
      "package": [12],
      "mfg_date": "2019-11-19",
      "vendor": [12],
      "speed_grade": 12
    }
  },
  {
    "model": "products.chip",
    "pk": null,
    "fields": {
      "pn": "83528",
      "sn": "345",
      "description": "Nam congue, risus semper porta volutpat, quam pede lobortis ligula, sit amet eleifend pede libero quis orci. Nullam molestie nibh in lectus. Pellentesque at nulla. Suspendisse potenti. Cras in purus eu magna vulputate luctus. Cum sociis natoque penatibus et magnis dis parturient montes, nascetur ridiculus mus. Vivamus vestibulum sagittis sapien.",
      "package": [13],
      "mfg_date": "2019-08-27",
      "vendor": [13],
      "speed_grade": 13
    }
  },
  {
    "model": "products.chip",
    "pk": null,
    "fields": {
      "pn": "8",
      "sn": "1257",
      "description": "Cras mi pede, malesuada in, imperdiet et, commodo vulputate, justo. In blandit ultrices enim. Lorem ipsum dolor sit amet, consectetuer adipiscing elit. Proin interdum mauris non ligula pellentesque ultrices. Phasellus id sapien in sapien iaculis congue. Vivamus metus arcu, adipiscing molestie, hendrerit at, vulputate vitae, nisl. Aenean lectus. Pellentesque eget nunc.",
      "package": [14],
      "mfg_date": "2020-03-27",
      "vendor": [14],
      "speed_grade": 14
    }
  },
  {
    "model": "products.chip",
    "pk": null,
    "fields": {
      "pn": "81",
      "sn": "414",
      "description": "Morbi odio odio, elementum eu, interdum eu, tincidunt in, leo.",
      "package": [3, 15],
      "mfg_date": "2020-02-16",
      "vendor": [15],
      "speed_grade": 15
    }
  },
  {
    "model": "products.chip",
    "pk": null,
    "fields": {
      "pn": "99404",
      "sn": "8988",
      "description": "Integer aliquet, massa id lobortis convallis, tortor risus dapibus augue, vel accumsan tellus nisi eu orci. Mauris lacinia sapien quis libero. Nullam sit amet turpis elementum ligula vehicula consequat.",
      "package": [16],
      "mfg_date": "2020-03-13",
      "vendor": [3, 16],
      "speed_grade": 16
    }
  },
  {
    "model": "products.chip",
    "pk": null,
    "fields": {
      "pn": "0839",
      "sn": "82998",
      "description": "Aenean fermentum. Donec ut mauris eget massa tempor convallis. Nulla neque libero, convallis eget, eleifend luctus, ultricies eu, nibh. Quisque id justo sit amet sapien dignissim vestibulum. Vestibulum ante ipsum primis in faucibus orci luctus et ultrices posuere cubilia Curae; Nulla dapibus dolor vel est. Donec odio justo, sollicitudin ut, suscipit a, feugiat et, eros.",
      "package": [17],
      "mfg_date": "2019-10-18",
      "vendor": [17],
      "speed_grade": 17
    }
  },
  {
    "model": "products.chip",
    "pk": null,
    "fields": {
      "pn": "2",
      "sn": "71",
      "description": "Morbi vel lectus in quam fringilla rhoncus.",
      "package": [18],
      "mfg_date": "2019-11-15",
      "vendor": [18],
      "speed_grade": 18
    }
  },
  {
    "model": "products.chip",
    "pk": null,
    "fields": {
      "pn": "313",
      "sn": "49",
      "description": "Cras pellentesque volutpat dui. Maecenas tristique, est et tempus semper, est quam pharetra magna, ac consequat metus sapien ut nunc. Vestibulum ante ipsum primis in faucibus orci luctus et ultrices posuere cubilia Curae; Mauris viverra diam vitae quam. Suspendisse potenti. Nullam porttitor lacus at turpis. Donec posuere metus vitae ipsum. Aliquam non mauris. Morbi non lectus.",
      "package": [19],
      "mfg_date": "2019-06-08",
      "vendor": [19],
      "speed_grade": 19
    }
  },
  {
    "model": "products.chip",
    "pk": null,
    "fields": {
      "pn": "5",
      "sn": "3",
      "description": "Integer a nibh. In quis justo. Maecenas rhoncus aliquam lacus. Morbi quis tortor id nulla ultrices aliquet. Maecenas leo odio, condimentum id, luctus nec, molestie sed, justo. Pellentesque viverra pede ac diam. Cras pellentesque volutpat dui.",
      "package": [20],
      "mfg_date": "2020-01-27",
      "vendor": [20],
      "speed_grade": 20
    }
  },
  {
    "model": "products.chip",
    "pk": null,
    "fields": {
      "pn": "1",
      "sn": "2",
      "description": "In blandit ultrices enim. Lorem ipsum dolor sit amet, consectetuer adipiscing elit. Proin interdum mauris non ligula pellentesque ultrices. Phasellus id sapien in sapien iaculis congue.",
      "package": [21],
      "mfg_date": "2019-08-10",
      "vendor": [21],
      "speed_grade": 21
    }
  },
  {
    "model": "products.chip",
    "pk": null,
    "fields": {
      "pn": "35113",
      "sn": "179",
      "description": "Nunc rhoncus dui vel sem. Sed sagittis. Nam congue, risus semper porta volutpat, quam pede lobortis ligula, sit amet eleifend pede libero quis orci. Nullam molestie nibh in lectus. Pellentesque at nulla.",
      "package": [22],
      "mfg_date": "2019-10-25",
      "vendor": [22],
      "speed_grade": 22
    }
  },
  {
    "model": "products.chip",
    "pk": null,
    "fields": {
      "pn": "2094",
      "sn": "46",
      "description": "Suspendisse ornare consequat lectus. In est risus, auctor sed, tristique in, tempus sit amet, sem. Fusce consequat. Nulla nisl. Nunc nisl. Duis bibendum, felis sed interdum venenatis, turpis enim blandit mi, in porttitor pede justo eu massa. Donec dapibus.",
      "package": [23],
      "mfg_date": "2019-05-29",
      "vendor": [23],
      "speed_grade": 23
    }
  },
  {
    "model": "products.chip",
    "pk": null,
    "fields": {
      "pn": "955",
      "sn": "50",
      "description": "Maecenas pulvinar lobortis est. Phasellus sit amet erat. Nulla tempus. Vivamus in felis eu sapien cursus vestibulum. Proin eu mi. Nulla ac enim. In tempor, turpis nec euismod scelerisque, quam turpis adipiscing lorem, vitae mattis nibh ligula nec sem. Duis aliquam convallis nunc.",
      "package": [24],
      "mfg_date": "2019-12-23",
      "vendor": [24],
      "speed_grade": 24
    }
  },
  {
    "model": "products.chip",
    "pk": null,
    "fields": {
      "pn": "1530",
      "sn": "89336",
      "description": "Duis ac nibh. Fusce lacus purus, aliquet at, feugiat non, pretium quis, lectus. Suspendisse potenti. In eleifend quam a odio. In hac habitasse platea dictumst.",
      "package": [13, 25],
      "mfg_date": "2020-01-24",
      "vendor": [25],
      "speed_grade": 25
    }
  },
  {
    "model": "products.chip",
    "pk": null,
    "fields": {
      "pn": "303",
      "sn": "7622",
      "description": "Curabitur gravida nisi at nibh. In hac habitasse platea dictumst. Aliquam augue quam, sollicitudin vitae, consectetuer eget, rutrum at, lorem. Integer tincidunt ante vel ipsum. Praesent blandit lacinia erat. Vestibulum sed magna at nunc commodo placerat. Praesent blandit. Nam nulla. Integer pede justo, lacinia eget, tincidunt eget, tempus vel, pede. Morbi porttitor lorem id ligula.",
      "package": [26],
      "mfg_date": "2019-08-30",
      "vendor": [2],
      "speed_grade": 26
    }
  },
  {
    "model": "products.chip",
    "pk": null,
    "fields": {
      "pn": "26",
      "sn": "9691",
      "description": "Cras mi pede, malesuada in, imperdiet et, commodo vulputate, justo. In blandit ultrices enim. Lorem ipsum dolor sit amet, consectetuer adipiscing elit.",
      "package": [27],
      "mfg_date": "2019-05-21",
      "vendor": [7],
      "speed_grade": 27
    }
  },
  {
    "model": "products.chip",
    "pk": null,
    "fields": {
      "pn": "82",
      "sn": "3437",
      "description": "Sed vel enim sit amet nunc viverra dapibus. Nulla suscipit ligula in lacus. Curabitur at ipsum ac tellus semper interdum. Mauris ullamcorper purus sit amet nulla.",
      "package": [28],
      "mfg_date": "2019-09-22",
      "vendor": [8],
      "speed_grade": 28
    }
  },
  {
    "model": "products.chip",
    "pk": null,
    "fields": {
      "pn": "2",
      "sn": "59098",
      "description": "Maecenas ut massa quis augue luctus tincidunt. Nulla mollis molestie lorem. Quisque ut erat. Curabitur gravida nisi at nibh. In hac habitasse platea dictumst. Aliquam augue quam, sollicitudin vitae, consectetuer eget, rutrum at, lorem. Integer tincidunt ante vel ipsum. Praesent blandit lacinia erat.",
      "package": [29],
      "mfg_date": "2019-04-05",
      "vendor": [9],
      "speed_grade": 29
    }
  },
  {
    "model": "products.chip",
    "pk": null,
    "fields": {
      "pn": "84",
      "sn": "7678",
      "description": "Maecenas tincidunt lacus at velit. Vivamus vel nulla eget eros elementum pellentesque. Quisque porta volutpat erat. Quisque erat eros, viverra eget, congue eget, semper rutrum, nulla. Nunc purus. Phasellus in felis. Donec semper sapien a libero.",
      "package": [30],
      "mfg_date": "2019-06-01",
      "vendor": [10],
      "speed_grade": 30
    }
  },
  {
    "model": "products.chip",
    "pk": null,
    "fields": {
      "pn": "2195",
      "sn": "7",
      "description": "In congue. Etiam justo. Etiam pretium iaculis justo. In hac habitasse platea dictumst. Etiam faucibus cursus urna. Ut tellus. Nulla ut erat id mauris vulputate elementum. Nullam varius. Nulla facilisi. Cras non velit nec nisi vulputate nonummy.",
      "package": [31],
      "mfg_date": "2020-03-22",
      "vendor": [1],
      "speed_grade": 31
    }
  },
  {
    "model": "products.chip",
    "pk": null,
    "fields": {
      "pn": "7413",
      "sn": "5382",
      "description": "Nullam sit amet turpis elementum ligula vehicula consequat. Morbi a ipsum. Integer a nibh. In quis justo. Maecenas rhoncus aliquam lacus. Morbi quis tortor id nulla ultrices aliquet. Maecenas leo odio, condimentum id, luctus nec, molestie sed, justo.",
      "package": [11, 32],
      "mfg_date": "2019-07-20",
      "vendor": [10, 2],
      "speed_grade": 32
    }
  },
  {
    "model": "products.chip",
    "pk": null,
    "fields": {
      "pn": "8",
      "sn": "03",
      "description": "Maecenas ut massa quis augue luctus tincidunt. Nulla mollis molestie lorem. Quisque ut erat. Curabitur gravida nisi at nibh. In hac habitasse platea dictumst. Aliquam augue quam, sollicitudin vitae, consectetuer eget, rutrum at, lorem. Integer tincidunt ante vel ipsum. Praesent blandit lacinia erat. Vestibulum sed magna at nunc commodo placerat.",
      "package": [33],
      "mfg_date": "2019-04-12",
      "vendor": [3],
      "speed_grade": 33
    }
  },
  {
    "model": "products.chip",
    "pk": null,
    "fields": {
      "pn": "032",
      "sn": "84471",
      "description": "Curabitur in libero ut massa volutpat convallis. Morbi odio odio, elementum eu, interdum eu, tincidunt in, leo. Maecenas pulvinar lobortis est. Phasellus sit amet erat.",
      "package": [34],
      "mfg_date": "2020-03-02",
      "vendor": [14],
      "speed_grade": 34
    }
  },
  {
    "model": "products.chip",
    "pk": null,
    "fields": {
      "pn": "75",
      "sn": "0",
      "description": "Morbi porttitor lorem id ligula.",
      "package": [35],
      "mfg_date": "2020-01-16",
      "vendor": [15],
      "speed_grade": 35
    }
  },
  {
    "model": "products.chip",
    "pk": null,
    "fields": {
      "pn": "79",
      "sn": "58",
      "description": "In blandit ultrices enim. Lorem ipsum dolor sit amet, consectetuer adipiscing elit. Proin interdum mauris non ligula pellentesque ultrices. Phasellus id sapien in sapien iaculis congue. Vivamus metus arcu, adipiscing molestie, hendrerit at, vulputate vitae, nisl. Aenean lectus. Pellentesque eget nunc. Donec quis orci eget orci vehicula condimentum. Curabitur in libero ut massa volutpat convallis. Morbi odio odio, elementum eu, interdum eu, tincidunt in, leo.",
      "package": [36],
      "mfg_date": "2019-09-17",
      "vendor": [6],
      "speed_grade": 36
    }
  },
  {
    "model": "products.chip",
    "pk": null,
    "fields": {
      "pn": "13",
      "sn": "50",
      "description": "Morbi non lectus. Aliquam sit amet diam in magna bibendum imperdiet. Nullam orci pede, venenatis non, sodales sed, tincidunt eu, felis. Fusce posuere felis sed lacus. Morbi sem mauris, laoreet ut, rhoncus aliquet, pulvinar sed, nisl. Nunc rhoncus dui vel sem. Sed sagittis. Nam congue, risus semper porta volutpat, quam pede lobortis ligula, sit amet eleifend pede libero quis orci. Nullam molestie nibh in lectus. Pellentesque at nulla.",
      "package": [12, 37],
      "mfg_date": "2019-07-26",
      "vendor": [7],
      "speed_grade": 37
    }
  },
  {
    "model": "products.chip",
    "pk": null,
    "fields": {
      "pn": "5687",
      "sn": "0",
      "description": "Nunc purus. Phasellus in felis. Donec semper sapien a libero. Nam dui. Proin leo odio, porttitor id, consequat in, consequat ut, nulla. Sed accumsan felis.",
      "package": [38],
      "mfg_date": "2019-11-12",
      "vendor": [8],
      "speed_grade": 38
    }
  },
  {
    "model": "products.chip",
    "pk": null,
    "fields": {
      "pn": "6056",
      "sn": "57164",
      "description": "Curabitur gravida nisi at nibh.",
      "package": [39],
      "mfg_date": "2020-02-19",
      "vendor": [9],
      "speed_grade": 39
    }
  },
  {
    "model": "products.chip",
    "pk": null,
    "fields": {
      "pn": "393",
      "sn": "105",
      "description": "Donec posuere metus vitae ipsum. Aliquam non mauris. Morbi non lectus. Aliquam sit amet diam in magna bibendum imperdiet. Nullam orci pede, venenatis non, sodales sed, tincidunt eu, felis. Fusce posuere felis sed lacus.",
      "package": [4],
      "mfg_date": "2020-02-10",
      "vendor": [4],
      "speed_grade": 40
    }
  },
  {
    "model": "products.chip",
    "pk": null,
    "fields": {
      "pn": "55903",
      "sn": "2119",
      "description": "Vivamus in felis eu sapien cursus vestibulum. Proin eu mi. Nulla ac enim. In tempor, turpis nec euismod scelerisque, quam turpis adipiscing lorem, vitae mattis nibh ligula nec sem. Duis aliquam convallis nunc. Proin at turpis a pede posuere nonummy. Integer non velit.",
      "package": [41],
      "mfg_date": "2019-06-02",
      "vendor": [4],
      "speed_grade": 41
    }
  },
  {
    "model": "products.chip",
    "pk": null,
    "fields": {
      "pn": "2",
      "sn": "6",
      "description": "Vivamus vestibulum sagittis sapien. Cum sociis natoque penatibus et magnis dis parturient montes, nascetur ridiculus mus. Etiam vel augue. Vestibulum rutrum rutrum neque. Aenean auctor gravida sem. Praesent id massa id nisl venenatis lacinia. Aenean sit amet justo. Morbi ut odio.",
      "package": [42],
      "mfg_date": "2020-03-15",
      "vendor": [2],
      "speed_grade": 42
    }
  },
  {
    "model": "products.chip",
    "pk": null,
    "fields": {
      "pn": "283",
      "sn": "591",
      "description": "Curabitur gravida nisi at nibh. In hac habitasse platea dictumst. Aliquam augue quam, sollicitudin vitae, consectetuer eget, rutrum at, lorem. Integer tincidunt ante vel ipsum. Praesent blandit lacinia erat. Vestibulum sed magna at nunc commodo placerat. Praesent blandit. Nam nulla. Integer pede justo, lacinia eget, tincidunt eget, tempus vel, pede.",
      "package": [43],
      "mfg_date": "2019-08-01",
      "vendor": [3],
      "speed_grade": 43
    }
  },
  {
    "model": "products.chip",
    "pk": null,
    "fields": {
      "pn": "2",
      "sn": "8887",
      "description": "Maecenas ut massa quis augue luctus tincidunt. Nulla mollis molestie lorem. Quisque ut erat.",
      "package": [44],
      "mfg_date": "2019-07-01",
      "vendor": [24],
      "speed_grade": 44
    }
  },
  {
    "model": "products.chip",
    "pk": null,
    "fields": {
      "pn": "7",
      "sn": "36",
      "description": "Integer non velit. Donec diam neque, vestibulum eget, vulputate ut, ultrices vel, augue. Vestibulum ante ipsum primis in faucibus orci luctus et ultrices posuere cubilia Curae; Donec pharetra, magna vestibulum aliquet ultrices, erat tortor sollicitudin mi, sit amet lobortis sapien sapien non mi. Integer ac neque. Duis bibendum. Morbi non quam nec dui luctus rutrum.",
      "package": [45],
      "mfg_date": "2019-12-12",
      "vendor": [25],
      "speed_grade": 45
    }
  },
  {
    "model": "products.chip",
    "pk": null,
    "fields": {
      "pn": "73519",
      "sn": "2027",
      "description": "Aliquam sit amet diam in magna bibendum imperdiet. Nullam orci pede, venenatis non, sodales sed, tincidunt eu, felis. Fusce posuere felis sed lacus. Morbi sem mauris, laoreet ut, rhoncus aliquet, pulvinar sed, nisl. Nunc rhoncus dui vel sem. Sed sagittis.",
      "package": [46],
      "mfg_date": "2019-06-10",
      "vendor": [4],
      "speed_grade": 46
    }
  },
  {
    "model": "products.chip",
    "pk": null,
    "fields": {
      "pn": "52443",
      "sn": "000",
      "description": "Integer tincidunt ante vel ipsum. Praesent blandit lacinia erat. Vestibulum sed magna at nunc commodo placerat. Praesent blandit. Nam nulla.",
      "package": [47],
      "mfg_date": "2019-10-25",
      "vendor": [7],
      "speed_grade": 47
    }
  },
  {
    "model": "products.chip",
    "pk": null,
    "fields": {
      "pn": "65179",
      "sn": "95751",
      "description": "Nam dui. Proin leo odio, porttitor id, consequat in, consequat ut, nulla. Sed accumsan felis. Ut at dolor quis odio consequat varius.",
      "package": [48],
      "mfg_date": "2019-06-12",
      "vendor": [8],
      "speed_grade": 48
    }
  },
  {
    "model": "products.chip",
    "pk": null,
    "fields": {
      "pn": "07",
      "sn": "75770",
      "description": "In tempor, turpis nec euismod scelerisque, quam turpis adipiscing lorem, vitae mattis nibh ligula nec sem. Duis aliquam convallis nunc. Proin at turpis a pede posuere nonummy. Integer non velit. Donec diam neque, vestibulum eget, vulputate ut, ultrices vel, augue. Vestibulum ante ipsum primis in faucibus orci luctus et ultrices posuere cubilia Curae; Donec pharetra, magna vestibulum aliquet ultrices, erat tortor sollicitudin mi, sit amet lobortis sapien sapien non mi. Integer ac neque. Duis bibendum.",
      "package": [49],
      "mfg_date": "2019-12-19",
      "vendor": [9],
      "speed_grade": 49
    }
  },
  {
    "model": "products.chip",
    "pk": null,
    "fields": {
      "pn": "82",
      "sn": "370",
      "description": "Vestibulum ante ipsum primis in faucibus orci luctus et ultrices posuere cubilia Curae; Donec pharetra, magna vestibulum aliquet ultrices, erat tortor sollicitudin mi, sit amet lobortis sapien sapien non mi. Integer ac neque. Duis bibendum. Morbi non quam nec dui luctus rutrum. Nulla tellus. In sagittis dui vel nisl. Duis ac nibh.",
      "package": [50],
      "mfg_date": "2019-12-15",
      "vendor": [14, 12],
      "speed_grade": 50
    }
  }
]
