[{
  "model": "dataEntry.package",
  "pk": 1,
  "fields": {
    "name": "Overhold"
  }
}, {
  "model": "dataEntry.package",
  "pk": 2,
  "fields": {
    "name": "Treeflex"
  }
}, {
  "model": "dataEntry.package",
  "pk": 3,
  "fields": {
    "name": "Domainer"
  }
}, {
  "model": "dataEntry.package",
  "pk": 4,
  "fields": {
    "name": "Fintone"
  }
}, {
  "model": "dataEntry.package",
  "pk": 5,
  "fields": {
    "name": "Namfix"
  }
}, {
  "model": "dataEntry.package",
  "pk": 6,
  "fields": {
    "name": "Quo Lux"
  }
}, {
  "model": "dataEntry.package",
  "pk": 7,
  "fields": {
    "name": "Flexidy"
  }
}, {
  "model": "dataEntry.package",
  "pk": 8,
  "fields": {
    "name": "Rank"
  }
}, {
  "model": "dataEntry.package",
  "pk": 9,
  "fields": {
    "name": "Viva"
  }
}, {
  "model": "dataEntry.package",
  "pk": 10,
  "fields": {
    "name": "Andalax"
  }
}, {
  "model": "dataEntry.package",
  "pk": 11,
  "fields": {
    "name": "Daltfresh"
  }
}, {
  "model": "dataEntry.package",
  "pk": 12,
  "fields": {
    "name": "Zamit"
  }
}, {
  "model": "dataEntry.package",
  "pk": 13,
  "fields": {
    "name": "Treeflex"
  }
}, {
  "model": "dataEntry.package",
  "pk": 14,
  "fields": {
    "name": "Toughjoyfax"
  }
}, {
  "model": "dataEntry.package",
  "pk": 15,
  "fields": {
    "name": "Lotstring"
  }
}, {
  "model": "dataEntry.package",
  "pk": 16,
  "fields": {
    "name": "Domainer"
  }
}, {
  "model": "dataEntry.package",
  "pk": 17,
  "fields": {
    "name": "Job"
  }
}, {
  "model": "dataEntry.package",
  "pk": 18,
  "fields": {
    "name": "Rank"
  }
}, {
  "model": "dataEntry.package",
  "pk": 19,
  "fields": {
    "name": "Vagram"
  }
}, {
  "model": "dataEntry.package",
  "pk": 20,
  "fields": {
    "name": "Sonsing"
  }
}, {
  "model": "dataEntry.package",
  "pk": 21,
  "fields": {
    "name": "Temp"
  }
}, {
  "model": "dataEntry.package",
  "pk": 22,
  "fields": {
    "name": "Hatity"
  }
}, {
  "model": "dataEntry.package",
  "pk": 23,
  "fields": {
    "name": "Cookley"
  }
}, {
  "model": "dataEntry.package",
  "pk": 24,
  "fields": {
    "name": "Home Ing"
  }
}, {
  "model": "dataEntry.package",
  "pk": 25,
  "fields": {
    "name": "Stronghold"
  }
}, {
  "model": "dataEntry.package",
  "pk": 26,
  "fields": {
    "name": "Rank"
  }
}, {
  "model": "dataEntry.package",
  "pk": 27,
  "fields": {
    "name": "Holdlamis"
  }
}, {
  "model": "dataEntry.package",
  "pk": 28,
  "fields": {
    "name": "Ventosanzap"
  }
}, {
  "model": "dataEntry.package",
  "pk": 29,
  "fields": {
    "name": "Cardguard"
  }
}, {
  "model": "dataEntry.package",
  "pk": 30,
  "fields": {
    "name": "Zaam-Dox"
  }
}, {
  "model": "dataEntry.package",
  "pk": 31,
  "fields": {
    "name": "Gembucket"
  }
}, {
  "model": "dataEntry.package",
  "pk": 32,
  "fields": {
    "name": "Toughjoyfax"
  }
}, {
  "model": "dataEntry.package",
  "pk": 33,
  "fields": {
    "name": "Tresom"
  }
}, {
  "model": "dataEntry.package",
  "pk": 34,
  "fields": {
    "name": "Konklab"
  }
}, {
  "model": "dataEntry.package",
  "pk": 35,
  "fields": {
    "name": "Aerified"
  }
}, {
  "model": "dataEntry.package",
  "pk": 36,
  "fields": {
    "name": "Voyatouch"
  }
}, {
  "model": "dataEntry.package",
  "pk": 37,
  "fields": {
    "name": "Rank"
  }
}, {
  "model": "dataEntry.package",
  "pk": 38,
  "fields": {
    "name": "Quo Lux"
  }
}, {
  "model": "dataEntry.package",
  "pk": 39,
  "fields": {
    "name": "Daltfresh"
  }
}, {
  "model": "dataEntry.package",
  "pk": 40,
  "fields": {
    "name": "Rank"
  }
}, {
  "model": "dataEntry.package",
  "pk": 41,
  "fields": {
    "name": "Daltfresh"
  }
}, {
  "model": "dataEntry.package",
  "pk": 42,
  "fields": {
    "name": "Hatity"
  }
}, {
  "model": "dataEntry.package",
  "pk": 43,
  "fields": {
    "name": "Otcom"
  }
}, {
  "model": "dataEntry.package",
  "pk": 44,
  "fields": {
    "name": "Opela"
  }
}, {
  "model": "dataEntry.package",
  "pk": 45,
  "fields": {
    "name": "Zamit"
  }
}, {
  "model": "dataEntry.package",
  "pk": 46,
  "fields": {
    "name": "Tempsoft"
  }
}, {
  "model": "dataEntry.package",
  "pk": 47,
  "fields": {
    "name": "Redhold"
  }
}, {
  "model": "dataEntry.package",
  "pk": 48,
  "fields": {
    "name": "Mat Lam Tam"
  }
}, {
  "model": "dataEntry.package",
  "pk": 49,
  "fields": {
    "name": "Konklab"
  }
}, {
  "model": "dataEntry.package",
  "pk": 50,
  "fields": {
    "name": "Fix San"
  }
},
{
    "model": "dataEntry.certification",
    "pk": 1,
    "fields": {
      "name": "Subin"
    }
  }, {
    "model": "dataEntry.certification",
    "pk": 2,
    "fields": {
      "name": "Voltsillam"
    }
  }, {
    "model": "dataEntry.certification",
    "pk": 3,
    "fields": {
      "name": "Overhold"
    }
  }, {
    "model": "dataEntry.certification",
    "pk": 4,
    "fields": {
      "name": "Domainer"
    }
  }, {
    "model": "dataEntry.certification",
    "pk": 5,
    "fields": {
      "name": "Solarbreeze"
    }
  }, {
    "model": "dataEntry.certification",
    "pk": 6,
    "fields": {
      "name": "Vagram"
    }
  }, {
    "model": "dataEntry.certification",
    "pk": 7,
    "fields": {
      "name": "Cardify"
    }
  }, {
    "model": "dataEntry.certification",
    "pk": 498,
    "fields": {
      "name": "Zathin"
    }
  }, {
    "model": "dataEntry.certification",
    "pk": 9,
    "fields": {
      "name": "Cardify"
    }
  }, {
    "model": "dataEntry.certification",
    "pk": 10,
    "fields": {
      "name": "Cookley"
    }
  }, {
    "model": "dataEntry.certification",
    "pk": 11,
    "fields": {
      "name": "Voltsillam"
    }
  }, {
    "model": "dataEntry.certification",
    "pk": 12,
    "fields": {
      "name": "Gembucket"
    }
  }, {
    "model": "dataEntry.certification",
    "pk": 13,
    "fields": {
      "name": "Rank"
    }
  }, {
    "model": "dataEntry.certification",
    "pk": 14,
    "fields": {
      "name": "Wrapsafe"
    }
  }, {
    "model": "dataEntry.certification",
    "pk": 15,
    "fields": {
      "name": "Tresom"
    }
  }, {
    "model": "dataEntry.certification",
    "pk": 16,
    "fields": {
      "name": "Treeflex"
    }
  }, {
    "model": "dataEntry.certification",
    "pk": 17,
    "fields": {
      "name": "Alphazap"
    }
  }, {
    "model": "dataEntry.certification",
    "pk": 18,
    "fields": {
      "name": "Job"
    }
  }, {
    "model": "dataEntry.certification",
    "pk": 19,
    "fields": {
      "name": "Holdlamis"
    }
  }, {
    "model": "dataEntry.certification",
    "pk": 20,
    "fields": {
      "name": "Prodder"
    }
  }, {
    "model": "dataEntry.certification",
    "pk": 21,
    "fields": {
      "name": "Flowdesk"
    }
  }, {
    "model": "dataEntry.certification",
    "pk": 22,
    "fields": {
      "name": "Tres-Zap"
    }
  }, {
    "model": "dataEntry.certification",
    "pk": 23,
    "fields": {
      "name": "Zathin"
    }
  }, {
    "model": "dataEntry.certification",
    "pk": 24,
    "fields": {
      "name": "Tampflex"
    }
  }, {
    "model": "dataEntry.certification",
    "pk": 25,
    "fields": {
      "name": "Redhold"
    }
  }, {
    "model": "dataEntry.certification",
    "pk": 26,
    "fields": {
      "name": "Y-find"
    }
  }, {
    "model": "dataEntry.certification",
    "pk": 27,
    "fields": {
      "name": "Vagram"
    }
  }, {
    "model": "dataEntry.certification",
    "pk": 28,
    "fields": {
      "name": "Cookley"
    }
  }, {
    "model": "dataEntry.certification",
    "pk": 29,
    "fields": {
      "name": "Tampflex"
    }
  }, {
    "model": "dataEntry.certification",
    "pk": 30,
    "fields": {
      "name": "Zathin"
    }
  }, {
    "model": "dataEntry.certification",
    "pk": 31,
    "fields": {
      "name": "Alpha"
    }
  }, {
    "model": "dataEntry.certification",
    "pk": 32,
    "fields": {
      "name": "Opela"
    }
  }, {
    "model": "dataEntry.certification",
    "pk": 33,
    "fields": {
      "name": "Solarbreeze"
    }
  }, {
    "model": "dataEntry.certification",
    "pk": 34,
    "fields": {
      "name": "Pannier"
    }
  }, {
    "model": "dataEntry.certification",
    "pk": 35,
    "fields": {
      "name": "Transcof"
    }
  }, {
    "model": "dataEntry.certification",
    "pk": 36,
    "fields": {
      "name": "Andalax"
    }
  }, {
    "model": "dataEntry.certification",
    "pk": 37,
    "fields": {
      "name": "Asoka"
    }
  }, {
    "model": "dataEntry.certification",
    "pk": 38,
    "fields": {
      "name": "Fix San"
    }
  }, {
    "model": "dataEntry.certification",
    "pk": 39,
    "fields": {
      "name": "Span"
    }
  }, {
    "model": "dataEntry.certification",
    "pk": 40,
    "fields": {
      "name": "Ronstring"
    }
  }, {
    "model": "dataEntry.certification",
    "pk": 41,
    "fields": {
      "name": "Hatity"
    }
  }, {
    "model": "dataEntry.certification",
    "pk": 42,
    "fields": {
      "name": "It"
    }
  }, {
    "model": "dataEntry.certification",
    "pk": 43,
    "fields": {
      "name": "Asoka"
    }
  }, {
    "model": "dataEntry.certification",
    "pk": 44,
    "fields": {
      "name": "Tin"
    }
  }, {
    "model": "dataEntry.certification",
    "pk": 45,
    "fields": {
      "name": "Bigtax"
    }
  }, {
    "model": "dataEntry.certification",
    "pk": 46,
    "fields": {
      "name": "Bitchip"
    }
  }, {
    "model": "dataEntry.certification",
    "pk": 47,
    "fields": {
      "name": "Opela"
    }
  }, {
    "model": "dataEntry.certification",
    "pk": 48,
    "fields": {
      "name": "Vagram"
    }
  }, {
    "model": "dataEntry.certification",
    "pk": 49,
    "fields": {
      "name": "Flowdesk"
    }
  }, {
    "model": "dataEntry.certification",
    "pk": 50,
    "fields": {
      "name": "Pannier"
    }
  },
  {
    "model": "dataEntry.formfactor",
    "pk": 1,
    "fields": {
      "name": "Tampflex"
    }
  }, {
    "model": "dataEntry.formfactor",
    "pk": 2,
    "fields": {
      "name": "Bitchip"
    }
  }, {
    "model": "dataEntry.formfactor",
    "pk": 3,
    "fields": {
      "name": "Stringtough"
    }
  }, {
    "model": "dataEntry.formfactor",
    "pk": 4,
    "fields": {
      "name": "Y-Solowarm"
    }
  }, {
    "model": "dataEntry.formfactor",
    "pk": 5,
    "fields": {
      "name": "Mat Lam Tam"
    }
  }, {
    "model": "dataEntry.formfactor",
    "pk": 6,
    "fields": {
      "name": "Kanlam"
    }
  }, {
    "model": "dataEntry.formfactor",
    "pk": 7,
    "fields": {
      "name": "Latlux"
    }
  }, {
    "model": "dataEntry.formfactor",
    "pk": 8,
    "fields": {
      "name": "Alphazap"
    }
  }, {
    "model": "dataEntry.formfactor",
    "pk": 9,
    "fields": {
      "name": "Hatity"
    }
  }, {
    "model": "dataEntry.formfactor",
    "pk": 10,
    "fields": {
      "name": "Wrapsafe"
    }
  }, {
    "model": "dataEntry.formfactor",
    "pk": 11,
    "fields": {
      "name": "Redhold"
    }
  }, {
    "model": "dataEntry.formfactor",
    "pk": 12,
    "fields": {
      "name": "Zathin"
    }
  }, {
    "model": "dataEntry.formfactor",
    "pk": 13,
    "fields": {
      "name": "Rank"
    }
  }, {
    "model": "dataEntry.formfactor",
    "pk": 14,
    "fields": {
      "name": "Bytecard"
    }
  }, {
    "model": "dataEntry.formfactor",
    "pk": 15,
    "fields": {
      "name": "Transcof"
    }
  }, {
    "model": "dataEntry.formfactor",
    "pk": 16,
    "fields": {
      "name": "Temp"
    }
  }, {
    "model": "dataEntry.formfactor",
    "pk": 17,
    "fields": {
      "name": "Temp"
    }
  }, {
    "model": "dataEntry.formfactor",
    "pk": 18,
    "fields": {
      "name": "Flowdesk"
    }
  }, {
    "model": "dataEntry.formfactor",
    "pk": 19,
    "fields": {
      "name": "Quo Lux"
    }
  }, {
    "model": "dataEntry.formfactor",
    "pk": 20,
    "fields": {
      "name": "Bitwolf"
    }
  }, {
    "model": "dataEntry.formfactor",
    "pk": 21,
    "fields": {
      "name": "Bamity"
    }
  }, {
    "model": "dataEntry.formfactor",
    "pk": 22,
    "fields": {
      "name": "Greenlam"
    }
  }, {
    "model": "dataEntry.formfactor",
    "pk": 23,
    "fields": {
      "name": "Pannier"
    }
  }, {
    "model": "dataEntry.formfactor",
    "pk": 24,
    "fields": {
      "name": "Bamity"
    }
  }, {
    "model": "dataEntry.formfactor",
    "pk": 25,
    "fields": {
      "name": "Tempsoft"
    }
  },
  {
    "model": "dataEntry.mfgloc",
    "pk": 1,
    "fields": {
      "name": "Tampflex",
      "address": "Fintone",
      "address2": "Veribet",
      "city": "Y-find",
      "state": "Stringtough",
      "country": "Sonsing"
    }
  }, {
    "model": "dataEntry.mfgloc",
    "pk": 2,
    "fields": {
      "name": "Transcof",
      "address": "Temp",
      "address2": "Sub-Ex",
      "city": "Lotlux",
      "state": "Stronghold",
      "country": "Voltsillam"
    }
  }, {
    "model": "dataEntry.mfgloc",
    "pk": 3,
    "fields": {
      "name": "Fintone",
      "address": "Mat Lam Tam",
      "address2": "Home Ing",
      "city": "Redhold",
      "state": "Subin",
      "country": "Matsoft"
    }
  }, {
    "model": "dataEntry.mfgloc",
    "pk": 4,
    "fields": {
      "name": "Home Ing",
      "address": "Keylex",
      "address2": "Biodex",
      "city": "Domainer",
      "state": "Sub-Ex",
      "country": "Trippledex"
    }
  }, {
    "model": "dataEntry.mfgloc",
    "pk": 5,
    "fields": {
      "name": "Treeflex",
      "address": "Trippledex",
      "address2": "Domainer",
      "city": "Tres-Zap",
      "state": "Quo Lux",
      "country": "Sonair"
    }
  }, {
    "model": "dataEntry.mfgloc",
    "pk": 6,
    "fields": {
      "name": "Bitwolf",
      "address": "Solarbreeze",
      "address2": "Keylex",
      "city": "Konklux",
      "state": "Zontrax",
      "country": "Stronghold"
    }
  }, {
    "model": "dataEntry.mfgloc",
    "pk": 7,
    "fields": {
      "name": "Redhold",
      "address": "Alphazap",
      "address2": "Toughjoyfax",
      "city": "Tempsoft",
      "state": "Namfix",
      "country": "Cardify"
    }
  }, {
    "model": "dataEntry.mfgloc",
    "pk": 8,
    "fields": {
      "name": "Tresom",
      "address": "Subin",
      "address2": "Aerified",
      "city": "It",
      "state": "Greenlam",
      "country": "Prodder"
    }
  }, {
    "model": "dataEntry.mfgloc",
    "pk": 9,
    "fields": {
      "name": "Stringtough",
      "address": "Bitwolf",
      "address2": "Tampflex",
      "city": "Viva",
      "state": "Fix San",
      "country": "Domainer"
    }
  }, {
    "model": "dataEntry.mfgloc",
    "pk": 10,
    "fields": {
      "name": "Bitchip",
      "address": "Zathin",
      "address2": "Overhold",
      "city": "Aerified",
      "state": "Y-Solowarm",
      "country": "Transcof"
    }
  }, {
    "model": "dataEntry.mfgloc",
    "pk": 11,
    "fields": {
      "name": "Solarbreeze",
      "address": "Flexidy",
      "address2": "Veribet",
      "city": "Fix San",
      "state": "Konklux",
      "country": "Sub-Ex"
    }
  }, {
    "model": "dataEntry.mfgloc",
    "pk": 12,
    "fields": {
      "name": "Mat Lam Tam",
      "address": "Bigtax",
      "address2": "Holdlamis",
      "city": "Lotlux",
      "state": "Bitwolf",
      "country": "Prodder"
    }
  }, {
    "model": "dataEntry.mfgloc",
    "pk": 13,
    "fields": {
      "name": "Tampflex",
      "address": "Home Ing",
      "address2": "Tres-Zap",
      "city": "Zoolab",
      "state": "Duobam",
      "country": "Flexidy"
    }
  }, {
    "model": "dataEntry.mfgloc",
    "pk": 14,
    "fields": {
      "name": "Regrant",
      "address": "Aerified",
      "address2": "Zoolab",
      "city": "Job",
      "state": "Subin",
      "country": "Domainer"
    }
  }, {
    "model": "dataEntry.mfgloc",
    "pk": 15,
    "fields": {
      "name": "Stim",
      "address": "Aerified",
      "address2": "Ronstring",
      "city": "Vagram",
      "state": "Otcom",
      "country": "Stim"
    }
  }, {
    "model": "dataEntry.mfgloc",
    "pk": 16,
    "fields": {
      "name": "Bigtax",
      "address": "Biodex",
      "address2": "Treeflex",
      "city": "Tin",
      "state": "Fix San",
      "country": "Keylex"
    }
  }, {
    "model": "dataEntry.mfgloc",
    "pk": 17,
    "fields": {
      "name": "Lotlux",
      "address": "Treeflex",
      "address2": "Voltsillam",
      "city": "Solarbreeze",
      "state": "Bigtax",
      "country": "Job"
    }
  }, {
    "model": "dataEntry.mfgloc",
    "pk": 18,
    "fields": {
      "name": "Hatity",
      "address": "Daltfresh",
      "address2": "Sub-Ex",
      "city": "Pannier",
      "state": "Flexidy",
      "country": "Zathin"
    }
  }, {
    "model": "dataEntry.mfgloc",
    "pk": 19,
    "fields": {
      "name": "Subin",
      "address": "Cardify",
      "address2": "Solarbreeze",
      "city": "Duobam",
      "state": "Temp",
      "country": "Fix San"
    }
  }, {
    "model": "dataEntry.mfgloc",
    "pk": 20,
    "fields": {
      "name": "Matsoft",
      "address": "Voyatouch",
      "address2": "Namfix",
      "city": "Ventosanzap",
      "state": "Cardguard",
      "country": "Biodex"
    }
  }, {
    "model": "dataEntry.mfgloc",
    "pk": 21,
    "fields": {
      "name": "Keylex",
      "address": "Tin",
      "address2": "Hatity",
      "city": "Job",
      "state": "Tempsoft",
      "country": "Tin"
    }
  }, {
    "model": "dataEntry.mfgloc",
    "pk": 22,
    "fields": {
      "name": "Redhold",
      "address": "Ronstring",
      "address2": "Lotstring",
      "city": "Alpha",
      "state": "Biodex",
      "country": "Cardguard"
    }
  }, {
    "model": "dataEntry.mfgloc",
    "pk": 23,
    "fields": {
      "name": "Cookley",
      "address": "Voyatouch",
      "address2": "Redhold",
      "city": "Namfix",
      "state": "Cookley",
      "country": "Trippledex"
    }
  }, {
    "model": "dataEntry.mfgloc",
    "pk": 24,
    "fields": {
      "name": "Temp",
      "address": "Quo Lux",
      "address2": "Prodder",
      "city": "Treeflex",
      "state": "Duobam",
      "country": "Opela"
    }
  }, {
    "model": "dataEntry.mfgloc",
    "pk": 25,
    "fields": {
      "name": "Sub-Ex",
      "address": "Ventosanzap",
      "address2": "Ventosanzap",
      "city": "Tempsoft",
      "state": "Stronghold",
      "country": "Vagram"
    }
  }
]


