[
  {
    "model": "products.system",
    "pk": 1,
    "fields": {
      "pn": "0337950881",
      "sn": "6095593808",
      "boards": [1],
      "description": "Morbi ut odio. Cras mi pede, malesuada in, imperdiet et, commodo vulputate, justo. In blandit ultrices enim. Lorem ipsum dolor sit amet, consectetuer adipiscing elit. Proin interdum mauris non ligula pellentesque ultrices. Phasellus id sapien in sapien iaculis congue. Vivamus metus arcu, adipiscing molestie, hendrerit at, vulputate vitae, nisl. Aenean lectus. Pellentesque eget nunc. Donec quis orci eget orci vehicula condimentum.",
      "package": [1, 12],
      "certification": [1],
      "assigned_to": "5718461902",
      "formfactor": 1,
      "mfg_date": "2019-04-04",
      "vendor": [1],
      "mac_address": "1072266172",
      "service_log": "Vestibulum ante ipsum primis in faucibus orci luctus et ultrices posuere cubilia Curae; Duis faucibus accumsan odio.",
      "configuration": [1]
    }
  },
  {
    "model": "products.system",
    "pk": 2,
    "fields": {
      "pn": "8265383592",
      "sn": "7671719099",
      "boards": [2],
      "description": "Pellentesque at nulla. Suspendisse potenti. Cras in purus eu magna vulputate luctus. Cum sociis natoque penatibus et magnis dis parturient montes, nascetur ridiculus mus.",
      "package": [23, 2],
      "certification": [2],
      "assigned_to": "7203695735",
      "formfactor": 2,
      "mfg_date": "2019-10-14",
      "vendor": [2],
      "mac_address": "3657448519",
      "service_log": "Aliquam sit amet diam in magna bibendum imperdiet. Nullam orci pede, venenatis non, sodales sed, tincidunt eu, felis. Fusce posuere felis sed lacus. Morbi sem mauris, laoreet ut, rhoncus aliquet, pulvinar sed, nisl.",
      "configuration": [2]
    }
  },
  {
    "model": "products.system",
    "pk": 3,
    "fields": {
      "pn": "9216346884",
      "sn": "7867787887",
      "boards": [1, 2, 3],
      "description": "Pellentesque at nulla. Suspendisse potenti. Cras in purus eu magna vulputate luctus. Cum sociis natoque penatibus et magnis dis parturient montes, nascetur ridiculus mus. Vivamus vestibulum sagittis sapien. Cum sociis natoque penatibus et magnis dis parturient montes, nascetur ridiculus mus. Etiam vel augue. Vestibulum rutrum rutrum neque. Aenean auctor gravida sem.",
      "package": [3],
      "certification": [3],
      "assigned_to": "7621128941",
      "formfactor": 3,
      "mfg_date": "2020-02-15",
      "vendor": [3],
      "mac_address": "5519660964",
      "service_log": "In est risus, auctor sed, tristique in, tempus sit amet, sem.",
      "configuration": [2, 3]
    }
  },
  {
    "model": "products.system",
    "pk": 4,
    "fields": {
      "pn": "1425950124",
      "sn": "2013511280",
      "boards": [4],
      "description": "Duis bibendum, felis sed interdum venenatis, turpis enim blandit mi, in porttitor pede justo eu massa.",
      "package": [5, 4],
      "certification": [21, 4],
      "assigned_to": "9805533565",
      "formfactor": 4,
      "mfg_date": "2020-03-27",
      "vendor": [4],
      "mac_address": "3219623271",
      "service_log": "Proin risus. Praesent lectus. Vestibulum quam sapien, varius ut, blandit non, interdum in, ante. Vestibulum ante ipsum primis in faucibus orci luctus et ultrices posuere cubilia Curae; Duis faucibus accumsan odio. Curabitur convallis. Duis consequat dui nec nisi volutpat eleifend. Donec ut dolor. Morbi vel lectus in quam fringilla rhoncus. Mauris enim leo, rhoncus sed, vestibulum sit amet, cursus id, turpis. Integer aliquet, massa id lobortis convallis, tortor risus dapibus augue, vel accumsan tellus nisi eu orci.",
      "configuration": [4]
    }
  },
  {
    "model": "products.system",
    "pk": 5,
    "fields": {
      "pn": "5432688514",
      "sn": "7606333289",
      "boards": [5],
      "description": "Donec odio justo, sollicitudin ut, suscipit a, feugiat et, eros. Vestibulum ac est lacinia nisi venenatis tristique. Fusce congue, diam id ornare imperdiet, sapien urna pretium nisl, ut volutpat sapien arcu sed augue. Aliquam erat volutpat.",
      "package": [21, 5],
      "certification": [5],
      "assigned_to": "9652514969",
      "formfactor": 5,
      "mfg_date": "2020-03-06",
      "vendor": [5],
      "mac_address": "6965267178",
      "service_log": "Vivamus vel nulla eget eros elementum pellentesque. Quisque porta volutpat erat. Quisque erat eros, viverra eget, congue eget, semper rutrum, nulla.",
      "configuration": [5]
    }
  },
  {
    "model": "products.system",
    "pk": 6,
    "fields": {
      "pn": "2816298523",
      "sn": "9436926650",
      "boards": [4, 6],
      "description": "Lorem ipsum dolor sit amet, consectetuer adipiscing elit. Proin interdum mauris non ligula pellentesque ultrices. Phasellus id sapien in sapien iaculis congue. Vivamus metus arcu, adipiscing molestie, hendrerit at, vulputate vitae, nisl.",
      "package": [6],
      "certification": [6],
      "assigned_to": "3132265705",
      "formfactor": 6,
      "mfg_date": "2019-10-10",
      "vendor": [6],
      "mac_address": "4264418410",
      "service_log": "In congue. Etiam justo. Etiam pretium iaculis justo. In hac habitasse platea dictumst. Etiam faucibus cursus urna. Ut tellus. Nulla ut erat id mauris vulputate elementum. Nullam varius.",
      "configuration": [6]
    }
  },
  {
    "model": "products.system",
    "pk": 7,
    "fields": {
      "pn": "5520191980",
      "sn": "6574489113",
      "boards": [7],
      "description": "Ut at dolor quis odio consequat varius. Integer ac leo. Pellentesque ultrices mattis odio. Donec vitae nisi. Nam ultrices, libero non mattis pulvinar, nulla pede ullamcorper augue, a suscipit nulla elit ac nulla. Sed vel enim sit amet nunc viverra dapibus. Nulla suscipit ligula in lacus. Curabitur at ipsum ac tellus semper interdum.",
      "package": [7],
      "certification": [7],
      "assigned_to": "7534185548",
      "formfactor": 7,
      "mfg_date": "2019-05-31",
      "vendor": [12, 7],
      "mac_address": "5337400819",
      "service_log": "Curabitur gravida nisi at nibh. In hac habitasse platea dictumst. Aliquam augue quam, sollicitudin vitae, consectetuer eget, rutrum at, lorem. Integer tincidunt ante vel ipsum.",
      "configuration": [12, 7]
    }
  },
  {
    "model": "products.system",
    "pk": 8,
    "fields": {
      "pn": "9689467859",
      "sn": "7813782771",
      "boards": [8],
      "description": "Curabitur in libero ut massa volutpat convallis.",
      "package": [8],
      "certification": [8],
      "assigned_to": "5392342167",
      "formfactor": 8,
      "mfg_date": "2019-12-24",
      "vendor": [8],
      "mac_address": "8800368247",
      "service_log": "Nullam orci pede, venenatis non, sodales sed, tincidunt eu, felis. Fusce posuere felis sed lacus. Morbi sem mauris, laoreet ut, rhoncus aliquet, pulvinar sed, nisl. Nunc rhoncus dui vel sem. Sed sagittis. Nam congue, risus semper porta volutpat, quam pede lobortis ligula, sit amet eleifend pede libero quis orci. Nullam molestie nibh in lectus. Pellentesque at nulla.",
      "configuration": [8]
    }
  },
  {
    "model": "products.system",
    "pk": 9,
    "fields": {
      "pn": "6650783064",
      "sn": "8644682245",
      "boards": [9],
      "description": "Pellentesque at nulla. Suspendisse potenti. Cras in purus eu magna vulputate luctus. Cum sociis natoque penatibus et magnis dis parturient montes, nascetur ridiculus mus. Vivamus vestibulum sagittis sapien.",
      "package": [9],
      "certification": [9],
      "assigned_to": "0732555809",
      "formfactor": 9,
      "mfg_date": "2019-07-13",
      "vendor": [9],
      "mac_address": "5681416534",
      "service_log": "Morbi vestibulum, velit id pretium iaculis, diam erat fermentum justo, nec condimentum neque sapien placerat ante. Nulla justo. Aliquam quis turpis eget elit sodales scelerisque. Mauris sit amet eros. Suspendisse accumsan tortor quis turpis. Sed ante. Vivamus tortor. Duis mattis egestas metus.",
      "configuration": [9]
    }
  },
  {
    "model": "products.system",
    "pk": 10,
    "fields": {
      "pn": "3006920538",
      "sn": "1947687719",
      "boards": [10],
      "description": "Pellentesque viverra pede ac diam.",
      "package": [10],
      "certification": [10],
      "assigned_to": "3100252314",
      "formfactor": 10,
      "mfg_date": "2020-03-09",
      "vendor": [10],
      "mac_address": "2309103241",
      "service_log": "Suspendisse potenti. Cras in purus eu magna vulputate luctus.",
      "configuration": [10]
    }
  },
  {
    "model": "products.system",
    "pk": 11,
    "fields": {
      "pn": "0842240578",
      "sn": "4642434046",
      "boards": [11],
      "description": "Proin interdum mauris non ligula pellentesque ultrices. Phasellus id sapien in sapien iaculis congue. Vivamus metus arcu, adipiscing molestie, hendrerit at, vulputate vitae, nisl. Aenean lectus. Pellentesque eget nunc. Donec quis orci eget orci vehicula condimentum. Curabitur in libero ut massa volutpat convallis. Morbi odio odio, elementum eu, interdum eu, tincidunt in, leo. Maecenas pulvinar lobortis est. Phasellus sit amet erat.",
      "package": [11],
      "certification": [11],
      "assigned_to": "8166834898",
      "formfactor": 11,
      "mfg_date": "2020-01-19",
      "vendor": [11],
      "mac_address": "7575637257",
      "service_log": "Nulla ac enim.",
      "configuration": [11]
    }
  },
  {
    "model": "products.system",
    "pk": 12,
    "fields": {
      "pn": "8654918136",
      "sn": "2044451166",
      "boards": [12],
      "description": "Nullam orci pede, venenatis non, sodales sed, tincidunt eu, felis. Fusce posuere felis sed lacus. Morbi sem mauris, laoreet ut, rhoncus aliquet, pulvinar sed, nisl. Nunc rhoncus dui vel sem. Sed sagittis. Nam congue, risus semper porta volutpat, quam pede lobortis ligula, sit amet eleifend pede libero quis orci. Nullam molestie nibh in lectus.",
      "package": [12],
      "certification": [12],
      "assigned_to": "9822428693",
      "formfactor": 12,
      "mfg_date": "2019-10-25",
      "vendor": [12],
      "mac_address": "2453402323",
      "service_log": "Donec odio justo, sollicitudin ut, suscipit a, feugiat et, eros. Vestibulum ac est lacinia nisi venenatis tristique. Fusce congue, diam id ornare imperdiet, sapien urna pretium nisl, ut volutpat sapien arcu sed augue.",
      "configuration": [12]
    }
  },
  {
    "model": "products.system",
    "pk": 13,
    "fields": {
      "pn": "0917232275",
      "sn": "4044551421",
      "boards": [13],
      "description": "Nulla tempus.",
      "package": [13],
      "certification": [13],
      "assigned_to": "5969971340",
      "formfactor": 13,
      "mfg_date": "2019-06-19",
      "vendor": [13],
      "mac_address": "4136697023",
      "service_log": "Etiam faucibus cursus urna. Ut tellus. Nulla ut erat id mauris vulputate elementum. Nullam varius. Nulla facilisi. Cras non velit nec nisi vulputate nonummy. Maecenas tincidunt lacus at velit. Vivamus vel nulla eget eros elementum pellentesque.",
      "configuration": [13]
    }
  },
  {
    "model": "products.system",
    "pk": 14,
    "fields": {
      "pn": "1857606019",
      "sn": "8727969851",
      "boards": [14],
      "description": "Vestibulum ante ipsum primis in faucibus orci luctus et ultrices posuere cubilia Curae; Mauris viverra diam vitae quam. Suspendisse potenti. Nullam porttitor lacus at turpis. Donec posuere metus vitae ipsum. Aliquam non mauris.",
      "package": [14],
      "certification": [14],
      "assigned_to": "9666499533",
      "formfactor": 14,
      "mfg_date": "2019-11-25",
      "vendor": [14],
      "mac_address": "4848322162",
      "service_log": "Donec ut dolor. Morbi vel lectus in quam fringilla rhoncus.",
      "configuration": [14]
    }
  },
  {
    "model": "products.system",
    "pk": 15,
    "fields": {
      "pn": "4035838314",
      "sn": "1526314630",
      "boards": [11, 15],
      "description": "Cum sociis natoque penatibus et magnis dis parturient montes, nascetur ridiculus mus. Vivamus vestibulum sagittis sapien.",
      "package": [23, 15],
      "certification": [15],
      "assigned_to": "5566825826",
      "formfactor": 15,
      "mfg_date": "2019-12-27",
      "vendor": [15],
      "mac_address": "9538402081",
      "service_log": "Aliquam non mauris. Morbi non lectus. Aliquam sit amet diam in magna bibendum imperdiet. Nullam orci pede, venenatis non, sodales sed, tincidunt eu, felis. Fusce posuere felis sed lacus. Morbi sem mauris, laoreet ut, rhoncus aliquet, pulvinar sed, nisl. Nunc rhoncus dui vel sem.",
      "configuration": [15]
    }
  },
  {
    "model": "products.system",
    "pk": 16,
    "fields": {
      "pn": "5046633612",
      "sn": "6357720275",
      "boards": [10, 16],
      "description": "Aliquam quis turpis eget elit sodales scelerisque. Mauris sit amet eros. Suspendisse accumsan tortor quis turpis. Sed ante.",
      "package": [16],
      "certification": [1, 16],
      "assigned_to": "2383634891",
      "formfactor": 16,
      "mfg_date": "2020-03-25",
      "vendor": [16],
      "mac_address": "3670291202",
      "service_log": "Praesent blandit. Nam nulla. Integer pede justo, lacinia eget, tincidunt eget, tempus vel, pede. Morbi porttitor lorem id ligula. Suspendisse ornare consequat lectus.",
      "configuration": [16, 12]
    }
  },
  {
    "model": "products.system",
    "pk": 17,
    "fields": {
      "pn": "9960200795",
      "sn": "2338389123",
      "boards": [9, 17],
      "description": "Vivamus vestibulum sagittis sapien. Cum sociis natoque penatibus et magnis dis parturient montes, nascetur ridiculus mus. Etiam vel augue. Vestibulum rutrum rutrum neque. Aenean auctor gravida sem. Praesent id massa id nisl venenatis lacinia. Aenean sit amet justo. Morbi ut odio.",
      "package": [17],
      "certification": [17],
      "assigned_to": "2818059909",
      "formfactor": 17,
      "mfg_date": "2020-03-19",
      "vendor": [17],
      "mac_address": "6828365291",
      "service_log": "Aliquam erat volutpat. In congue. Etiam justo. Etiam pretium iaculis justo. In hac habitasse platea dictumst. Etiam faucibus cursus urna. Ut tellus. Nulla ut erat id mauris vulputate elementum. Nullam varius. Nulla facilisi.",
      "configuration": [17]
    }
  },
  {
    "model": "products.system",
    "pk": 18,
    "fields": {
      "pn": "3075391611",
      "sn": "7500974701",
      "boards": [18],
      "description": "Sed accumsan felis. Ut at dolor quis odio consequat varius. Integer ac leo. Pellentesque ultrices mattis odio. Donec vitae nisi.",
      "package": [18],
      "certification": [18],
      "assigned_to": "9426952152",
      "formfactor": 18,
      "mfg_date": "2020-01-23",
      "vendor": [18],
      "mac_address": "0720165377",
      "service_log": "Aliquam augue quam, sollicitudin vitae, consectetuer eget, rutrum at, lorem. Integer tincidunt ante vel ipsum. Praesent blandit lacinia erat. Vestibulum sed magna at nunc commodo placerat. Praesent blandit. Nam nulla. Integer pede justo, lacinia eget, tincidunt eget, tempus vel, pede. Morbi porttitor lorem id ligula. Suspendisse ornare consequat lectus. In est risus, auctor sed, tristique in, tempus sit amet, sem.",
      "configuration": [18]
    }
  },
  {
    "model": "products.system",
    "pk": 19,
    "fields": {
      "pn": "5797274183",
      "sn": "4043757735",
      "boards": [19],
      "description": "Fusce posuere felis sed lacus. Morbi sem mauris, laoreet ut, rhoncus aliquet, pulvinar sed, nisl. Nunc rhoncus dui vel sem. Sed sagittis.",
      "package": [19],
      "certification": [19],
      "assigned_to": "5649069433",
      "formfactor": 19,
      "mfg_date": "2019-10-25",
      "vendor": [19],
      "mac_address": "7347595010",
      "service_log": "In tempor, turpis nec euismod scelerisque, quam turpis adipiscing lorem, vitae mattis nibh ligula nec sem. Duis aliquam convallis nunc. Proin at turpis a pede posuere nonummy. Integer non velit. Donec diam neque, vestibulum eget, vulputate ut, ultrices vel, augue. Vestibulum ante ipsum primis in faucibus orci luctus et ultrices posuere cubilia Curae; Donec pharetra, magna vestibulum aliquet ultrices, erat tortor sollicitudin mi, sit amet lobortis sapien sapien non mi. Integer ac neque. Duis bibendum.",
      "configuration": [19]
    }
  },
  {
    "model": "products.system",
    "pk": 20,
    "fields": {
      "pn": "5810097596",
      "sn": "3309268985",
      "boards": [20],
      "description": "Morbi a ipsum. Integer a nibh. In quis justo. Maecenas rhoncus aliquam lacus. Morbi quis tortor id nulla ultrices aliquet. Maecenas leo odio, condimentum id, luctus nec, molestie sed, justo. Pellentesque viverra pede ac diam.",
      "package": [20],
      "certification": [20],
      "assigned_to": "2360874012",
      "formfactor": 20,
      "mfg_date": "2019-09-19",
      "vendor": [20],
      "mac_address": "9817479374",
      "service_log": "In quis justo. Maecenas rhoncus aliquam lacus.",
      "configuration": [20]
    }
  },
  {
    "model": "products.system",
    "pk": 21,
    "fields": {
      "pn": "0266398650",
      "sn": "5674996474",
      "boards": [12, 21],
      "description": "Nullam orci pede, venenatis non, sodales sed, tincidunt eu, felis.",
      "package": [21],
      "certification": [21],
      "assigned_to": "5347723440",
      "formfactor": 21,
      "mfg_date": "2019-09-12",
      "vendor": [21],
      "mac_address": "2749869978",
      "service_log": "Fusce congue, diam id ornare imperdiet, sapien urna pretium nisl, ut volutpat sapien arcu sed augue. Aliquam erat volutpat. In congue. Etiam justo. Etiam pretium iaculis justo. In hac habitasse platea dictumst. Etiam faucibus cursus urna. Ut tellus. Nulla ut erat id mauris vulputate elementum.",
      "configuration": [21]
    }
  },
  {
    "model": "products.system",
    "pk": 22,
    "fields": {
      "pn": "3765652679",
      "sn": "7792679675",
      "boards": [22],
      "description": "Aliquam augue quam, sollicitudin vitae, consectetuer eget, rutrum at, lorem. Integer tincidunt ante vel ipsum. Praesent blandit lacinia erat. Vestibulum sed magna at nunc commodo placerat. Praesent blandit. Nam nulla.",
      "package": [22],
      "certification": [22],
      "assigned_to": "9914819753",
      "formfactor": 22,
      "mfg_date": "2019-06-10",
      "vendor": [22],
      "mac_address": "8320247691",
      "service_log": "Morbi vel lectus in quam fringilla rhoncus. Mauris enim leo, rhoncus sed, vestibulum sit amet, cursus id, turpis. Integer aliquet, massa id lobortis convallis, tortor risus dapibus augue, vel accumsan tellus nisi eu orci.",
      "configuration": [22]
    }
  },
  {
    "model": "products.system",
    "pk": 23,
    "fields": {
      "pn": "3704332100",
      "sn": "6914095302",
      "boards": [23],
      "description": "Phasellus id sapien in sapien iaculis congue. Vivamus metus arcu, adipiscing molestie, hendrerit at, vulputate vitae, nisl. Aenean lectus. Pellentesque eget nunc. Donec quis orci eget orci vehicula condimentum. Curabitur in libero ut massa volutpat convallis. Morbi odio odio, elementum eu, interdum eu, tincidunt in, leo. Maecenas pulvinar lobortis est.",
      "package": [23],
      "certification": [23],
      "assigned_to": "0396280498",
      "formfactor": 23,
      "mfg_date": "2019-06-17",
      "vendor": [23],
      "mac_address": "7796704305",
      "service_log": "Nulla facilisi. Cras non velit nec nisi vulputate nonummy. Maecenas tincidunt lacus at velit. Vivamus vel nulla eget eros elementum pellentesque.",
      "configuration": [23]
    }
  },
  {
    "model": "products.system",
    "pk": 24,
    "fields": {
      "pn": "9822546432",
      "sn": "2178698034",
      "boards": [21, 24],
      "description": "Aliquam erat volutpat. In congue. Etiam justo. Etiam pretium iaculis justo. In hac habitasse platea dictumst. Etiam faucibus cursus urna. Ut tellus. Nulla ut erat id mauris vulputate elementum. Nullam varius.",
      "package": [24],
      "certification": [24],
      "assigned_to": "3572091667",
      "formfactor": 24,
      "mfg_date": "2019-12-05",
      "vendor": [24],
      "mac_address": "9761632350",
      "service_log": "Fusce lacus purus, aliquet at, feugiat non, pretium quis, lectus. Suspendisse potenti. In eleifend quam a odio. In hac habitasse platea dictumst. Maecenas ut massa quis augue luctus tincidunt. Nulla mollis molestie lorem. Quisque ut erat. Curabitur gravida nisi at nibh. In hac habitasse platea dictumst.",
      "configuration": [24]
    }
  },
  {
    "model": "products.system",
    "pk": 25,
    "fields": {
      "pn": "7300703216",
      "sn": "7380003860",
      "boards": [25],
      "description": "Duis consequat dui nec nisi volutpat eleifend. Donec ut dolor. Morbi vel lectus in quam fringilla rhoncus. Mauris enim leo, rhoncus sed, vestibulum sit amet, cursus id, turpis. Integer aliquet, massa id lobortis convallis, tortor risus dapibus augue, vel accumsan tellus nisi eu orci. Mauris lacinia sapien quis libero. Nullam sit amet turpis elementum ligula vehicula consequat. Morbi a ipsum.",
      "package": [25],
      "certification": [25],
      "assigned_to": "8598604461",
      "formfactor": 25,
      "mfg_date": "2020-02-11",
      "vendor": [25],
      "mac_address": "1702287394",
      "service_log": "Nulla ac enim. In tempor, turpis nec euismod scelerisque, quam turpis adipiscing lorem, vitae mattis nibh ligula nec sem. Duis aliquam convallis nunc. Proin at turpis a pede posuere nonummy. Integer non velit. Donec diam neque, vestibulum eget, vulputate ut, ultrices vel, augue. Vestibulum ante ipsum primis in faucibus orci luctus et ultrices posuere cubilia Curae; Donec pharetra, magna vestibulum aliquet ultrices, erat tortor sollicitudin mi, sit amet lobortis sapien sapien non mi. Integer ac neque. Duis bibendum. Morbi non quam nec dui luctus rutrum.",
      "configuration": [25]
    }
  },
  {
    "model": "products.system",
    "pk": 26,
    "fields": {
      "pn": "9810469764",
      "sn": "0529159058",
      "boards": [26],
      "description": "Curabitur gravida nisi at nibh. In hac habitasse platea dictumst. Aliquam augue quam, sollicitudin vitae, consectetuer eget, rutrum at, lorem. Integer tincidunt ante vel ipsum. Praesent blandit lacinia erat. Vestibulum sed magna at nunc commodo placerat. Praesent blandit. Nam nulla.",
      "package": [26],
      "certification": [26],
      "assigned_to": "7814790425",
      "formfactor": 2,
      "mfg_date": "2019-10-11",
      "vendor": [12],
      "mac_address": "5600518498",
      "service_log": "Phasellus id sapien in sapien iaculis congue. Vivamus metus arcu, adipiscing molestie, hendrerit at, vulputate vitae, nisl. Aenean lectus. Pellentesque eget nunc. Donec quis orci eget orci vehicula condimentum. Curabitur in libero ut massa volutpat convallis. Morbi odio odio, elementum eu, interdum eu, tincidunt in, leo.",
      "configuration": [26]
    }
  },
  {
    "model": "products.system",
    "pk": 27,
    "fields": {
      "pn": "5922042351",
      "sn": "7100128315",
      "boards": [27],
      "description": "Praesent lectus. Vestibulum quam sapien, varius ut, blandit non, interdum in, ante. Vestibulum ante ipsum primis in faucibus orci luctus et ultrices posuere cubilia Curae; Duis faucibus accumsan odio. Curabitur convallis. Duis consequat dui nec nisi volutpat eleifend. Donec ut dolor.",
      "package": [27],
      "certification": [27],
      "assigned_to": "6549701910",
      "formfactor": 21,
      "mfg_date": "2019-08-22",
      "vendor": [10],
      "mac_address": "7430650872",
      "service_log": "Vivamus in felis eu sapien cursus vestibulum. Proin eu mi. Nulla ac enim.",
      "configuration": [27]
    }
  },
  {
    "model": "products.system",
    "pk": 28,
    "fields": {
      "pn": "4080016239",
      "sn": "4943062369",
      "boards": [28],
      "description": "Etiam vel augue. Vestibulum rutrum rutrum neque. Aenean auctor gravida sem. Praesent id massa id nisl venenatis lacinia. Aenean sit amet justo. Morbi ut odio. Cras mi pede, malesuada in, imperdiet et, commodo vulputate, justo. In blandit ultrices enim.",
      "package": [28],
      "certification": [28],
      "assigned_to": "6320043474",
      "formfactor": 21,
      "mfg_date": "2020-01-15",
      "vendor": [11],
      "mac_address": "3609538279",
      "service_log": "Nam congue, risus semper porta volutpat, quam pede lobortis ligula, sit amet eleifend pede libero quis orci. Nullam molestie nibh in lectus. Pellentesque at nulla.",
      "configuration": [28]
    }
  },
  {
    "model": "products.system",
    "pk": 29,
    "fields": {
      "pn": "4326675640",
      "sn": "0662099184",
      "boards": [29],
      "description": "Maecenas tincidunt lacus at velit. Vivamus vel nulla eget eros elementum pellentesque. Quisque porta volutpat erat. Quisque erat eros, viverra eget, congue eget, semper rutrum, nulla. Nunc purus. Phasellus in felis. Donec semper sapien a libero. Nam dui. Proin leo odio, porttitor id, consequat in, consequat ut, nulla. Sed accumsan felis.",
      "package": [29],
      "certification": [29],
      "assigned_to": "3159174352",
      "formfactor": 22,
      "mfg_date": "2019-10-29",
      "vendor": [15],
      "mac_address": "7413695731",
      "service_log": "Aliquam sit amet diam in magna bibendum imperdiet.",
      "configuration": [29]
    }
  },
  {
    "model": "products.system",
    "pk": 30,
    "fields": {
      "pn": "5969054127",
      "sn": "5097820630",
      "boards": [30],
      "description": "Fusce lacus purus, aliquet at, feugiat non, pretium quis, lectus. Suspendisse potenti.",
      "package": [30],
      "certification": [30],
      "assigned_to": "5692432536",
      "formfactor": 25,
      "mfg_date": "2019-05-15",
      "vendor": [5],
      "mac_address": "8045520566",
      "service_log": "Cras in purus eu magna vulputate luctus. Cum sociis natoque penatibus et magnis dis parturient montes, nascetur ridiculus mus.",
      "configuration": [30]
    }
  }
]
